station_name,station_latitude,station_longitude,weather_classifier,temp_category,sunshine_type,max_air_temp,min_air_temp,min_grss_temp,min_conc_temp,cs_24hr_sun_dur,wmo_24hr_sun_dur,conc_state_id,lying_snow_flag,snow_depth,frsh_snw_amt,snow_day_id,hail_day_id,thunder_day_flag,gale_day_flag,frsh_mnt_snwfall_flag,drv_24hr_sun_dur,lying_snow_ht,prcp_amt,meto_stmp_time
BALTASOUND,60.759,-0.888,Mild Rain,Cool,Partially Overcast,6.680645161290323,1.5129032258064519,,,0.5193548387096775,,,,,,,,,,,,,5.329032258064516,
BALTASOUND,60.759,-0.888,Mild Rain,Cool,Partially Overcast,7.625,3.414285714285714,,,1.1964285714285714,,,,,,,,,,,,,3.382142857142857,
BALTASOUND,60.759,-0.888,Mild Rain,Cool,Partially Overcast,7.34516129032258,2.3129032258064517,,,2.6548387096774193,,,,,,,,,,,,,5.1,
BALTASOUND,60.759,-0.888,Drizzle,Cool,Sunny,9.736666666666668,3.4099999999999997,,,6.303333333333333,,,,,,,,,,,,,2.0633333333333335,
BALTASOUND,60.759,-0.888,Mild Rain,Cool,Sunny,10.538709677419355,5.219354838709678,,,4.416129032258064,,,,,,,,,,,,,2.693548387096774,
BALTASOUND,60.759,-0.888,Drizzle,Cool,Sunny,11.58,6.613333333333333,,,4.746666666666667,,,,,,,,,,,,,1.2866666666666666,
BALTASOUND,60.759,-0.888,Drizzle,Cool,Sunny,13.764516129032257,8.793548387096775,,,3.5548387096774197,,,,,,,,,,,,,1.9161290322580646,
BALTASOUND,60.759,-0.888,Drizzle,Cool,Sunny,13.035483870967743,7.993548387096775,,,3.448387096774194,,,,,,,,,,,,,1.425806451612903,
BALTASOUND,60.759,-0.888,Mild Rain,Cool,Partially Overcast,12.389999999999999,7.623333333333334,,,2.4133333333333336,,,,,,,,,,,,,2.6333333333333333,
BALTASOUND,60.759,-0.888,Mild Rain,Cool,Partially Overcast,11.406451612903227,6.203225806451614,,,1.9387096774193548,,,,,,,,,,,,,4.438709677419355,
BALTASOUND,60.759,-0.888,Mild Rain,Cool,Partially Overcast,7.42,3.6599999999999997,,,0.7300000000000001,,,,,,,,,,,,,3.6300000000000003,
BALTASOUND,60.759,-0.888,Mild Rain,Cool,Partially Overcast,7.72258064516129,2.738709677419355,,,0.16129032258064516,,,,,,,,,,,,,4.790322580645161,
FORT AUGUSTUS,57.144,-4.677,Heavy Rain,Cool,,8.403448275862068,1.3241379310344827,,,,,,,,,,,,,,,,9.686363636363636,
FORT AUGUSTUS,57.144,-4.677,Mild Rain,Cool,,8.585714285714285,0.9785714285714285,,,,,,,,,,,,,,,,4.766666666666667,
FORT AUGUSTUS,57.144,-4.677,Mild Rain,Cool,,8.686666666666667,0.8733333333333333,,,,,,,,,,,,,,,,5.666666666666667,
FORT AUGUSTUS,57.144,-4.677,Mild Rain,Cool,,12.37241379310345,2.3793103448275863,,,,,,,,,,,,,,,,2.95,
FORT AUGUSTUS,57.144,-4.677,Mild Rain,Cool,,13.390322580645162,4.806451612903226,,,,,,,,,,,,,,,,4.017647058823529,
FORT AUGUSTUS,57.144,-4.677,Dry,Mild,,17.243333333333332,7.666666666666667,,,,,,,,,,,,,,,,0.7000000000000001,
FORT AUGUSTUS,57.144,-4.677,Mild Rain,Mild,,18.603225806451615,10.383870967741935,,,,,,,,,,,,,,,,3.6799999999999997,
FORT AUGUSTUS,57.144,-4.677,Mild Rain,Mild,,16.441935483870967,9.412903225806453,,,,,,,,,,,,,,,,3.3181818181818183,
FORT AUGUSTUS,57.144,-4.677,Mild Rain,Mild,,15.386666666666667,8.32,,,,,,,,,,,,,,,,4.885714285714286,
FORT AUGUSTUS,57.144,-4.677,Mild Rain,Cool,,14.633333333333333,7.2733333333333325,,,,,,,,,,,,,,,,7.0285714285714285,
FORT AUGUSTUS,57.144,-4.677,Drizzle,Cool,,9.055555555555555,-0.14814814814814814,,,,,,,,,,,,,,,,2.191666666666667,
GORDON CASTLE,57.621,-3.09,Drizzle,Cool,Partially Overcast,8.166666666666666,1.9166666666666667,,,1.4129032258064518,,,,,,,,,,,,,2.293548387096774,
GORDON CASTLE,57.621,-3.09,Dry,Cool,Partially Overcast,8.257142857142856,2.5357142857142856,,,2.625,,,,,,,,,,,,,0.43571428571428567,
GORDON CASTLE,57.621,-3.09,Drizzle,Cool,Sunny,9.683333333333334,2.3699999999999997,,,3.7096774193548385,,,,,,,,,,,,,1.7032258064516128,
GORDON CASTLE,57.621,-3.09,Dry,Cool,Sunny,12.58,2.71,,,6.78,,,,,,,,,,,,,0.5766666666666667,
GORDON CASTLE,57.621,-3.09,Drizzle,Mild,Sunny,15.248387096774193,5.609677419354839,,,6.935483870967742,,,,,,,,,,,,,1.7419354838709677,
GORDON CASTLE,57.621,-3.09,Drizzle,Mild,Sunny,16.823333333333334,7.7,,,6.3533333333333335,,,,,,,,,,,,,1.5666666666666667,
GORDON CASTLE,57.621,-3.09,Drizzle,Mild,Sunny,19.183870967741935,10.780645161290321,,,5.622580645161291,,,,,,,,,,,,,1.7516129032258063,
GORDON CASTLE,57.621,-3.09,Mild Rain,Mild,Sunny,16.574193548387097,8.993548387096775,,,4.358064516129032,,,,,,,,,,,,,2.5354838709677416,
GORDON CASTLE,57.621,-3.09,Drizzle,Mild,Sunny,16.41,8.4,,,3.7066666666666666,,,,,,,,,,,,,1.0766666666666667,
GORDON CASTLE,57.621,-3.09,Drizzle,Mild,Sunny,15.290322580645162,7.296774193548386,,,3.138709677419355,,,,,,,,,,,,,1.8193548387096774,
GORDON CASTLE,57.621,-3.09,Drizzle,Cool,Partially Overcast,7.893103448275863,1.003448275862069,,,1.5033333333333334,,,,,,,,,,,,,1.5866666666666667,
GORDON CASTLE,57.621,-3.09,Drizzle,Cool,Partially Overcast,8.770967741935483,2.725806451612903,,,0.9193548387096774,,,,,,,,,,,,,2.235483870967742,
BALMORAL,57.037,-3.22,Drizzle,Cool,,5.606451612903225,0.09999999999999999,,,,,,0.25806451612903225,1.8064516129032258,0.7096774193548387,0.967741935483871,,,,,,,2.229032258064516,
BALMORAL,57.037,-3.22,Dry,Cool,,6.889285714285714,-0.55,,,,,,0.0,0.0,0.0,0.5357142857142857,,,,,,,0.3071428571428571,
BALMORAL,57.037,-3.22,Snowy,Cool,,7.016129032258065,0.16451612903225807,,,,,,0.1935483870967742,1.7741935483870968,0.5483870967741935,1.1290322580645162,,,,,,,1.9580645161290322,
BALMORAL,57.037,-3.22,Snowy,Cool,,11.45,-0.45333333333333325,,,,,,0.13333333333333333,0.5333333333333333,0.2,0.6666666666666666,,,,,,,0.9233333333333333,
BALMORAL,57.037,-3.22,Drizzle,Cool,,13.687096774193549,2.5580645161290323,,,,,,0.03225806451612903,0.16129032258064516,0.16129032258064516,0.16129032258064516,,,,,,,1.7032258064516128,
BALMORAL,57.037,-3.22,Dry,Mild,,17.11,5.15,,,,,,0.0,0.0,0.0,0.0,,,,,,,0.7933333333333333,
BALMORAL,57.037,-3.22,Drizzle,Mild,,19.070967741935487,8.45483870967742,,,,,,0.0,0.0,0.0,0.0,,,,,,,1.6870967741935485,
BALMORAL,57.037,-3.22,Drizzle,Mild,,15.393548387096773,7.216129032258064,,,,,,0.0,0.0,0.0,0.0,,,,,,,2.267741935483871,
BALMORAL,57.037,-3.22,Drizzle,Cool,,14.996666666666668,6.430000000000001,,,,,,0.0,0.0,0.0,0.0,,,,,,,1.03,
BALMORAL,57.037,-3.22,Dry,Cool,,13.754838709677419,5.803125,,,,,,0.0,0.0,0.0,0.15625,,,,,,,0.959375,
BALMORAL,57.037,-3.22,Snowy,Cool,,5.486666666666666,-1.87,,,,,,0.23333333333333334,0.5666666666666667,0.26666666666666666,0.8333333333333334,,,,,,,1.9133333333333333,
BALMORAL,57.037,-3.22,Snowy,Cool,,7.603225806451612,0.9903225806451614,,,,,,0.22580645161290322,1.3225806451612903,0.7096774193548387,1.1290322580645162,,,,,,,2.4419354838709677,
ARBROATH,56.561,-2.573,Drizzle,Cool,Partially Overcast,8.480645161290322,1.829032258064516,-0.6935483870967742,,1.2580645161290323,,,,,,,,,,,,,1.9580645161290324,
ARBROATH,56.561,-2.573,Dry,Cool,Partially Overcast,8.539285714285715,2.1857142857142855,0.2071428571428571,,2.4107142857142856,,,,,,,,,,,,,0.4107142857142857,
ARBROATH,56.561,-2.573,Drizzle,Cool,Partially Overcast,9.351612903225806,2.603225806451613,0.4967741935483871,,2.5,,,,,,,,,,,,,1.564516129032258,
ARBROATH,56.561,-2.573,Drizzle,Cool,Sunny,12.129999999999999,3.48,0.3033333333333334,,4.45,,,,,,,,,,,,,1.0633333333333332,
ARBROATH,56.561,-2.573,Drizzle,Cool,Sunny,14.27741935483871,5.941935483870967,2.9645161290322584,,4.290322580645161,,,,,,,,,,,,,1.829032258064516,
ARBROATH,56.561,-2.573,Dry,Mild,Sunny,17.136666666666667,8.113333333333333,4.562068965517242,,5.45,,,,,,,,,,,,,0.4766666666666667,
ARBROATH,56.561,-2.573,Drizzle,Mild,Sunny,19.206451612903226,11.603225806451613,,,4.758064516129032,,,,,,,,,,,,,1.2193548387096773,
ARBROATH,56.561,-2.573,Drizzle,Mild,Partially Overcast,16.287096774193547,10.158064516129032,,,2.4516129032258065,,,,,,,,,,,,,1.7258064516129032,
ARBROATH,56.561,-2.573,Drizzle,Mild,Sunny,16.756666666666668,9.03,,,6.068965517241379,,,,,,,,,,,,,1.0233333333333332,
ARBROATH,56.561,-2.573,Drizzle,Cool,,14.751612903225807,8.009677419354839,,,,,,,,,,,,,,,,1.4774193548387096,
ARBROATH,56.561,-2.573,Drizzle,Cool,,7.5600000000000005,2.0766666666666667,,,,,,,,,,,,,,,,1.2933333333333332,
ARBROATH,56.561,-2.573,Dry,Cool,Partially Overcast,8.654838709677419,2.4096774193548387,-0.31666666666666665,,1.896774193548387,,,,,,,,,,,,,0.8096774193548387,
LEUCHARS,56.377,-2.862,Drizzle,Cool,Partially Overcast,14.383870967741935,9.17741935483871,,,1.8,,,,,,,,,,,,,1.796774193548387,
LEUCHARS,56.377,-2.862,Drizzle,Cool,Partially Overcast,6.87,2.6133333333333337,,,2.1566666666666667,,,,,,,,,,,,,1.6166666666666667,
LEUCHARS,56.377,-2.862,Drizzle,Cool,Partially Overcast,8.229032258064516,3.6129032258064515,,,1.6258064516129032,,,,,,,,,,,,,1.0032258064516129,
MARCHMONT,55.728,-2.411,Mild Rain,Cool,Partially Overcast,7.97741935483871,-0.9483870967741935,,,1.0806451612903225,,,,,,,,,,,,,4.196774193548387,
MARCHMONT,55.728,-2.411,Drizzle,Cool,Partially Overcast,7.2821428571428575,-0.7678571428571429,,,2.4035714285714285,,,,,,,,,,,,,1.4035714285714287,
MARCHMONT,55.728,-2.411,Drizzle,Cool,Sunny,8.583333333333334,1.0374999999999999,,,3.303225806451613,,,,,,,,,,,,,1.9258064516129034,
MARCHMONT,55.728,-2.411,Dry,Cool,Sunny,11.7,4.4,,,5.903333333333333,,,,,,,,,,,,,0.58,
MARCHMONT,55.728,-2.411,Drizzle,,Sunny,,,,,7.109677419354839,,,,,,,,,,,,,1.632258064516129,
MARCHMONT,55.728,-2.411,Dry,,Sunny,,,,,6.91,,,,,,,,,,,,,0.64,
MARCHMONT,55.728,-2.411,Drizzle,,Sunny,,,,,4.951612903225806,,,,,,,,,,,,,2.3225806451612905,
MARCHMONT,55.728,-2.411,Mild Rain,,Sunny,,,,,3.6806451612903226,,,,,,,,,,,,,3.5999999999999996,
MARCHMONT,55.728,-2.411,Drizzle,,Sunny,,,,,4.906666666666666,,,,,,,,,,,,,1.353333333333333,
MARCHMONT,55.728,-2.411,Drizzle,,Partially Overcast,,,,,2.9516129032258065,,,,,,,,,,,,,2.4967741935483874,
MARCHMONT,55.728,-2.411,Drizzle,Cool,Partially Overcast,6.827586206896552,-0.05517241379310346,,,1.8633333333333333,,,,,,,,,,,,,2.0733333333333333,
MARCHMONT,55.728,-2.411,Drizzle,Cool,Partially Overcast,8.26,2.46,,,1.3838709677419354,,,,,,,,,,,,,2.1451612903225805,
"MORPETH, COCKLE PARK",55.212,-1.685,Mild Rain,Cool,Partially Overcast,8.538709677419355,2.42258064516129,0.9833333333333333,,1.1225806451612903,,,,,,,,,,,,,3.7193548387096773,
"MORPETH, COCKLE PARK",55.212,-1.685,Dry,Cool,Partially Overcast,7.1499999999999995,1.5142857142857145,-0.9035714285714286,,1.292857142857143,,,,,,,,,,,,,0.44642857142857145,
"MORPETH, COCKLE PARK",55.212,-1.685,Dry,Cool,Sunny,10.006451612903225,2.035483870967742,0.006451612903225755,,3.3266666666666667,,,,,,,,,,,,,0.6806451612903226,
"MORPETH, COCKLE PARK",55.212,-1.685,Dry,Cool,Sunny,11.576666666666666,2.4166666666666665,-0.35333333333333333,,6.59,,,,,,,,,,,,,0.6733333333333333,
"MORPETH, COCKLE PARK",55.212,-1.685,Drizzle,Cool,Sunny,14.66451612903226,4.664516129032258,1.303225806451613,,7.761290322580645,,,,,,,,,,,,,1.3516129032258064,
"MORPETH, COCKLE PARK",55.212,-1.685,Dry,Mild,Sunny,17.9,6.906666666666666,2.93,,7.113333333333333,,,,,,,,,,,,,0.4933333333333333,
"MORPETH, COCKLE PARK",55.212,-1.685,Drizzle,Mild,Sunny,19.87741935483871,10.593548387096773,4.683870967741935,,5.367741935483871,,,,,,,,,,,,,1.5096774193548386,
"MORPETH, COCKLE PARK",55.212,-1.685,Mild Rain,Mild,Sunny,16.12258064516129,9.26774193548387,5.909677419354838,,3.8806451612903223,,,,,,,,,,,,,5.148387096774194,
"MORPETH, COCKLE PARK",55.212,-1.685,Drizzle,Mild,Sunny,16.663333333333334,8.356666666666666,3.4166666666666665,,5.463333333333334,,,,,,,,,,,,,1.4833333333333334,
"MORPETH, COCKLE PARK",55.212,-1.685,Drizzle,Mild,Sunny,15.535483870967743,7.429032258064517,4.372413793103449,,4.067741935483871,,,,,,,,,,,,,2.3548387096774195,
"MORPETH, COCKLE PARK",55.212,-1.685,Drizzle,Cool,Partially Overcast,6.760000000000001,1.3033333333333335,4.4,,2.3,,,,,,,,,,,,,2.3233333333333333,
"MORPETH, COCKLE PARK",55.212,-1.685,Drizzle,Cool,Partially Overcast,9.216129032258063,2.512903225806452,-0.5709677419354838,,1.6483870967741936,,,,,,,,,,,,,1.1419354838709677,
DURHAM,54.768,-1.586,Mild Rain,Cool,Partially Overcast,8.851612903225806,2.306451612903226,,,1.1709677419354838,,,,,,,,,,,,,2.5064516129032253,
DURHAM,54.768,-1.586,Dry,Cool,Partially Overcast,7.2250000000000005,0.7571428571428571,,,2.317857142857143,,,,,,,,,,,,,0.21785714285714283,
DURHAM,54.768,-1.586,Dry,Cool,Sunny,9.899999999999999,2.103225806451613,,,3.6838709677419357,,,,,,,,,,,,,0.5935483870967742,
DURHAM,54.768,-1.586,Drizzle,Cool,Sunny,12.203333333333335,2.36,,,6.156666666666666,,,,,,,,,,,,,1.0466666666666666,
DURHAM,54.768,-1.586,Drizzle,Mild,Sunny,15.906451612903227,4.609677419354839,,,7.987096774193549,,,,,,,,,,,,,1.4774193548387096,
DURHAM,54.768,-1.586,Dry,Mild,Sunny,19.016666666666666,7.27,,,7.15,,,,,,,,,,,,,0.6533333333333334,
DURHAM,54.768,-1.586,Drizzle,Mild,Sunny,21.029032258064515,10.44516129032258,,,5.529032258064516,,,,,,,,,,,,,1.1903225806451612,
DURHAM,54.768,-1.586,Mild Rain,Mild,Sunny,17.906451612903226,9.693548387096774,,,3.664516129032258,,,,,,,,,,,,,3.3451612903225807,
DURHAM,54.768,-1.586,Dry,Mild,Sunny,17.740000000000002,8.139999999999999,,,4.946666666666667,,,,,,,,,,,,,0.6033333333333333,
DURHAM,54.768,-1.586,Drizzle,Mild,Sunny,16.3,7.738709677419355,,,4.032258064516129,,,,,,,,,,,,,1.064516129032258,
DURHAM,54.768,-1.586,Drizzle,Cool,Partially Overcast,6.989999999999999,0.5366666666666667,,,2.17,,,,,,,,,,,,,2.11,
DURHAM,54.768,-1.586,Drizzle,Cool,Partially Overcast,9.283870967741937,2.648387096774194,,,1.7451612903225804,,,,,,,,,,,,,1.2580645161290323,
HULL,53.756,-0.358,Drizzle,Cool,Partially Overcast,9.90967741935484,4.158064516129032,0.6193548387096774,,0.5225806451612903,,,,,,,,,,,,,1.9483870967741934,
HULL,53.756,-0.358,Dry,Cool,Partially Overcast,8.060714285714285,1.9428571428571428,-2.064,,1.5892857142857142,,,,,,,,,,,,,0.27499999999999997,
HULL,53.756,-0.358,Dry,Cool,Partially Overcast,11.412903225806453,4.009677419354839,-0.2870967741935484,,2.5258064516129033,,,,,,,,,,,,,0.8451612903225806,
HULL,53.756,-0.358,Dry,Cool,Sunny,13.233333333333333,3.9833333333333334,-0.1133333333333333,,5.236666666666666,,,,,,,,,,,,,0.8733333333333333,
HULL,53.756,-0.358,Drizzle,Mild,Sunny,16.758064516129032,6.809677419354839,3.2064516129032254,,6.354838709677419,,,,,,,,,,,,,2.0064516129032257,
HULL,53.756,-0.358,Dry,Mild,Sunny,18.976666666666667,8.56,6.096666666666667,,6.013333333333334,,,,,,,,,,,,,0.22333333333333333,
HULL,53.756,-0.358,Dry,Mild,Sunny,22.751612903225805,12.36774193548387,8.13225806451613,,6.04516129032258,,,,,,,,,,,,,0.4838709677419355,
HULL,53.756,-0.358,Drizzle,Mild,Sunny,19.893548387096775,11.861290322580645,9.229032258064517,,4.203225806451614,,,,,,,,,,,,,2.229032258064516,
HULL,53.756,-0.358,Dry,Mild,Sunny,19.53666666666667,9.896666666666667,5.226666666666666,,5.036666666666666,,,,,,,,,,,,,0.5966666666666666,
HULL,53.756,-0.358,Dry,Mild,Sunny,18.183870967741935,8.780645161290321,3.725806451612903,,3.803225806451613,,,,,,,,,,,,,0.9806451612903225,
HULL,53.756,-0.358,Drizzle,Cool,Partially Overcast,8.033333333333333,2.0866666666666664,-2.0933333333333333,,0.9033333333333334,,,,,,,,,,,,,1.5133333333333332,
HULL,53.756,-0.358,Drizzle,Cool,Partially Overcast,9.680645161290322,3.4193548387096775,-1.1290322580645162,,0.24838709677419354,,,,,,,,,,,,,1.864516129032258,
CROMER,52.934,1.291,Drizzle,Cool,,10.161290322580646,3.1129032258064515,,,,,,,,,,,,,,,,1.3483870967741935,
CROMER,52.934,1.291,Dry,Cool,,8.153571428571428,1.657142857142857,,,,,,,,,,,,,,,,0.3321428571428572,
CROMER,52.934,1.291,Dry,Cool,,11.606451612903227,2.4064516129032256,,,,,,,,,,,,,,,,0.43548387096774194,
CROMER,52.934,1.291,Dry,Cool,,11.743333333333334,4.0,,,,,,,,,,,,,,,,0.63,
CROMER,52.934,1.291,Drizzle,Mild,,15.77741935483871,6.483870967741935,,,,,,,,,,,,,,,,1.1354838709677417,
CROMER,52.934,1.291,Dry,Mild,,17.633333333333333,8.786666666666667,,,,,,,,,,,,,,,,0.30333333333333334,
CROMER,52.934,1.291,Dry,Mild,,21.816129032258065,12.44516129032258,,,,,,,,,,,,,,,,0.332258064516129,
CROMER,52.934,1.291,Drizzle,Mild,,20.580645161290324,12.541935483870969,,,,,,,,,,,,,,,,1.7096774193548387,
CROMER,52.934,1.291,Dry,Mild,,19.076666666666664,11.113333333333333,,,,,,,,,,,,,,,,0.5766666666666667,
CROMER,52.934,1.291,Drizzle,Mild,,17.88064516129032,10.03225806451613,,,,,,,,,,,,,,,,1.5838709677419356,
CROMER,52.934,1.291,Drizzle,Cool,,8.71,2.683333333333333,,,,,,,,,,,,,,,,1.05,
CROMER,52.934,1.291,Drizzle,Cool,,9.051612903225807,2.7806451612903227,,,,,,,,,,,,,,,,1.2032258064516128,
LOWESTOFT,52.49,1.744,Dry,Cool,Sunny,11.329032258064515,4.025806451612903,1.6838709677419355,,5.267741935483872,,,,,,,,,,,,,0.65,
LOWESTOFT,52.49,1.744,Dry,Cool,Sunny,11.16,4.843333333333334,2.96,,7.489999999999999,,,,,,,,,,,,,0.7466666666666666,
LOWESTOFT,52.49,1.744,Dry,Cool,Sunny,13.996774193548386,8.103225806451613,6.1,,8.69032258064516,,,,,,,,,,,,,0.8,
LOWESTOFT,52.49,1.744,Dry,Mild,Sunny,16.456666666666667,10.566666666666666,8.793333333333333,,6.4766666666666675,,,,,,,,,,,,,0.5399999999999999,
LOWESTOFT,52.49,1.744,Dry,Mild,Sunny,20.316129032258065,13.564516129032258,11.476666666666667,,8.870967741935484,,,,,,,,,,,,,0.3709677419354839,
LOWESTOFT,52.49,1.744,Drizzle,Mild,Sunny,20.806451612903224,13.383870967741935,11.72,,6.674193548387097,,,,,,,,,,,,,1.5096774193548388,
LOWESTOFT,52.49,1.744,Drizzle,Mild,Sunny,19.206666666666667,11.713333333333333,9.610000000000001,,5.840000000000001,,,,,,,,,,,,,1.2133333333333334,
LOWESTOFT,52.49,1.744,Dry,Mild,Sunny,17.22258064516129,10.17741935483871,8.03225806451613,,4.690322580645161,,,,,,,,,,,,,0.8096774193548387,
LOWESTOFT,52.49,1.744,Drizzle,Cool,Partially Overcast,8.360000000000001,3.1933333333333334,0.903448275862069,,2.8066666666666666,,,,,,,,,,,,,2.3333333333333335,
LOWESTOFT,52.49,1.744,Drizzle,Cool,Partially Overcast,8.745161290322581,3.838709677419355,2.5612903225806454,,1.4,,,,,,,,,,,,,1.558064516129032,
"CAMBRIDGE, BOTANIC GARDEN",52.194,0.129,Drizzle,Cool,Partially Overcast,10.434375,4.793333333333334,0.56,,1.5193548387096774,,,,,,,,,,,,,1.7419354838709677,
"CAMBRIDGE, BOTANIC GARDEN",52.194,0.129,Dry,Cool,Partially Overcast,8.778571428571428,0.9964285714285713,-2.3249999999999997,,2.807142857142857,,,,,,,,,,,,,0.24642857142857144,
"CAMBRIDGE, BOTANIC GARDEN",52.194,0.129,Dry,Cool,Sunny,12.429032258064517,2.7193548387096773,-1.3838709677419354,,4.319354838709677,,,,,,,,,,,,,0.529032258064516,
"CAMBRIDGE, BOTANIC GARDEN",52.194,0.129,Drizzle,Cool,Sunny,14.326666666666666,2.933333333333333,-0.5066666666666666,,6.586666666666667,,,,,,,,,,,,,1.07,
"CAMBRIDGE, BOTANIC GARDEN",52.194,0.129,Dry,Mild,Sunny,18.348387096774193,6.416129032258064,3.5870967741935487,,7.890322580645161,,,,,,,,,,,,,0.49354838709677423,
"CAMBRIDGE, BOTANIC GARDEN",52.194,0.129,Dry,Mild,Sunny,20.736666666666668,8.563333333333333,6.42,,7.046666666666667,,,,,,,,,,,,,0.5566666666666666,
"CAMBRIDGE, BOTANIC GARDEN",52.194,0.129,Dry,Hot,Sunny,26.23548387096774,12.141935483870967,8.87741935483871,,8.819354838709677,,,,,,,,,,,,,0.25806451612903225,
"CAMBRIDGE, BOTANIC GARDEN",52.194,0.129,Dry,Mild,Sunny,21.848387096774193,11.587096774193547,9.3,,5.577419354838709,,,,,,,,,,,,,0.8774193548387097,
"CAMBRIDGE, BOTANIC GARDEN",52.194,0.129,Drizzle,Mild,Sunny,21.146666666666665,8.703333333333335,5.993333333333334,,5.77,,,,,,,,,,,,,1.1400000000000001,
"CAMBRIDGE, BOTANIC GARDEN",52.194,0.129,Dry,Mild,Sunny,18.816129032258065,7.729032258064516,4.509677419354839,,5.019354838709678,,,,,,,,,,,,,0.9193548387096774,
"CAMBRIDGE, BOTANIC GARDEN",52.194,0.129,Drizzle,Cool,Partially Overcast,7.5,1.26,-0.6033333333333334,,1.9833333333333334,,,,,,,,,,,,,1.3599999999999999,
"CAMBRIDGE, BOTANIC GARDEN",52.194,0.129,Drizzle,Cool,Partially Overcast,9.261290322580646,3.6225806451612903,1.0903225806451613,,1.396774193548387,,,,,,,,,,,,,1.0193548387096774,
WOBURN,52.014,-0.596,Drizzle,Cool,Partially Overcast,10.248387096774193,4.554838709677419,,,1.1774193548387097,,,,,,,,,,,,,1.6225806451612903,
WOBURN,52.014,-0.596,Dry,Cool,Partially Overcast,8.032142857142857,0.30357142857142855,,,2.564285714285714,,,,,,,,,,,,,0.475,
WOBURN,52.014,-0.596,Dry,Cool,Sunny,11.17741935483871,3.306451612903226,,,3.8870967741935485,,,,,,,,,,,,,0.8516129032258064,
WOBURN,52.014,-0.596,Drizzle,Cool,Sunny,13.406666666666666,2.93,,,6.16,,,,,,,,,,,,,1.0266666666666666,
WOBURN,52.014,-0.596,Drizzle,Mild,Sunny,17.41290322580645,5.393548387096774,,,7.112903225806452,,,,,,,,,,,,,1.238709677419355,
WOBURN,52.014,-0.596,Dry,Mild,Sunny,20.366666666666667,7.39,,,7.12,,,,,,,,,,,,,0.4566666666666667,
WOBURN,52.014,-0.596,Dry,Hot,Sunny,25.62258064516129,10.922580645161291,,,8.070967741935483,,,,,,,,,,,,,0.24193548387096775,
WOBURN,52.014,-0.596,Drizzle,Mild,Sunny,21.24516129032258,11.448387096774193,,,5.254838709677419,,,,,,,,,,,,,1.3483870967741935,
WOBURN,52.014,-0.596,Drizzle,Mild,Sunny,20.273333333333333,8.403333333333332,,,6.003333333333333,,,,,,,,,,,,,1.3666666666666667,
WOBURN,52.014,-0.596,Dry,Mild,Sunny,18.56451612903226,7.490322580645161,,,4.490322580645161,,,,,,,,,,,,,0.6580645161290322,
WOBURN,52.014,-0.596,Drizzle,Cool,Partially Overcast,7.5233333333333325,0.34,,,1.8266666666666667,,,,,,,,,,,,,1.25,
WOBURN,52.014,-0.596,Drizzle,Cool,Partially Overcast,9.416129032258064,2.7903225806451615,,,1.3709677419354838,,,,,,,,,,,,,1.364516129032258,
ROTHAMSTED,51.807,-0.36,Drizzle,Cool,Partially Overcast,9.570967741935483,4.300000000000001,1.9193548387096775,,1.3838709677419354,,,,,,,,,,,,,1.8806451612903226,
ROTHAMSTED,51.807,-0.36,Dry,Cool,Partially Overcast,7.3,1.0785714285714285,-2.317857142857143,,2.7821428571428575,,,,,,,,,,,,,0.17857142857142858,
ROTHAMSTED,51.807,-0.36,Dry,Cool,Sunny,10.812903225806451,2.4709677419354836,-1.3225806451612903,,4.261290322580645,,,,,,,,,,,,,0.7870967741935483,
ROTHAMSTED,51.807,-0.36,Drizzle,Cool,Sunny,12.76,2.8800000000000003,-0.7200000000000001,,6.5233333333333325,,,,,,,,,,,,,1.2466666666666666,
ROTHAMSTED,51.807,-0.36,Drizzle,Mild,Sunny,16.864516129032257,6.251612903225807,2.1322580645161286,,7.380645161290323,,,,,,,,,,,,,1.1225806451612903,
ROTHAMSTED,51.807,-0.36,Dry,Mild,Sunny,19.720000000000002,8.673333333333334,5.3100000000000005,,7.2,,,,,,,,,,,,,0.14666666666666667,
ROTHAMSTED,51.807,-0.36,Dry,Mild,Sunny,24.712903225806453,11.890322580645162,8.374193548387098,,7.741935483870968,,,,,,,,,,,,,0.132258064516129,
ROTHAMSTED,51.807,-0.36,Dry,Mild,Sunny,20.79032258064516,11.451612903225806,9.180645161290323,,4.683870967741936,,,,,,,,,,,,,0.8290322580645161,
ROTHAMSTED,51.807,-0.36,Drizzle,Mild,Sunny,19.87,9.283333333333333,6.116666666666666,,5.8,,,,,,,,,,,,,2.203333333333333,
ROTHAMSTED,51.807,-0.36,Dry,Mild,Sunny,17.83225806451613,7.841935483870968,4.32258064516129,,4.974193548387096,,,,,,,,,,,,,0.5903225806451613,
ROTHAMSTED,51.807,-0.36,Drizzle,Cool,Partially Overcast,6.973333333333333,0.5766666666666667,-2.3,,2.296666666666667,,,,,,,,,,,,,1.6666666666666667,
ROTHAMSTED,51.807,-0.36,Drizzle,Cool,Partially Overcast,8.7,2.4838709677419355,0.1451612903225806,,1.525806451612903,,,,,,,,,,,,,1.6516129032258065,
BRADFORD,53.814,-1.774,Mild Rain,Cool,Partially Overcast,8.98709677419355,3.7806451612903227,1.6612903225806452,,0.6451612903225806,,,,,,,,,,,,,4.803225806451613,
BRADFORD,53.814,-1.774,Dry,Cool,Partially Overcast,6.364285714285714,1.9142857142857144,0.3035714285714285,,1.582142857142857,,,,,,,,,,,,,0.19999999999999998,
BRADFORD,53.814,-1.774,Drizzle,Cool,Sunny,9.751612903225807,3.3129032258064517,1.2193548387096773,,3.1838709677419357,,,,,,,,,,,,,1.6451612903225807,
BRADFORD,53.814,-1.774,Drizzle,Cool,Sunny,11.31,3.38,0.8266666666666665,,5.466666666666667,,,,,,,,,,,,,1.09,
BRADFORD,53.814,-1.774,Drizzle,Mild,Sunny,15.22258064516129,5.932258064516129,3.3870967741935485,,7.016129032258065,,,,,,,,,,,,,1.1741935483870967,
BRADFORD,53.814,-1.774,Dry,Mild,Sunny,18.633333333333333,8.576666666666666,6.09,,7.736666666666666,,,,,,,,,,,,,0.05,
BRADFORD,53.814,-1.774,Drizzle,Mild,Sunny,22.187096774193545,11.896774193548387,8.98709677419355,,5.809677419354839,,,,,,,,,,,,,1.2225806451612902,
BRADFORD,53.814,-1.774,Mild Rain,Mild,Sunny,18.15806451612903,11.490322580645161,9.6,,3.9193548387096775,,,,,,,,,,,,,3.235483870967742,
BRADFORD,53.814,-1.774,Drizzle,Mild,Sunny,17.706666666666667,9.343333333333334,6.783333333333333,,5.286666666666666,,,,,,,,,,,,,1.0866666666666667,
BRADFORD,53.814,-1.774,Drizzle,Mild,Partially Overcast,16.346666666666668,8.636666666666667,5.812903225806452,,2.6548387096774193,,,,,,,,,,,,,1.5774193548387097,
BRADFORD,53.814,-1.774,Drizzle,Cool,Partially Overcast,6.463333333333334,0.9433333333333334,-0.6033333333333333,,1.07,,,,,,,,,,,,,1.9833333333333334,
BRADFORD,53.814,-1.774,Mild Rain,Cool,Partially Overcast,8.783870967741937,3.329032258064516,1.2733333333333334,,0.13870967741935483,,,,,,,,,,,,,3.948387096774194,
SHEFFIELD,53.381,-1.491,Mild Rain,Cool,Partially Overcast,9.641935483870967,4.541935483870968,,,0.835483870967742,,,,,,,,,,,,,2.735483870967742,
SHEFFIELD,53.381,-1.491,Dry,Cool,Partially Overcast,7.021428571428571,2.725,,,1.5535714285714286,,,,,,,,,,,,,0.425,
SHEFFIELD,53.381,-1.491,Drizzle,Cool,Sunny,10.541935483870969,4.070967741935484,,,3.393548387096774,,,,,,,,,,,,,1.567741935483871,
SHEFFIELD,53.381,-1.491,Dry,Cool,Sunny,12.19,4.24,,,5.75,,,,,,,,,,,,,0.7799999999999999,
SHEFFIELD,53.381,-1.491,Drizzle,Mild,Sunny,16.20967741935484,6.67741935483871,,,7.04516129032258,,,,,,,,,,,,,1.0258064516129033,
SHEFFIELD,53.381,-1.491,Dry,Mild,Sunny,19.36,9.626666666666667,,,7.73,,,,,,,,,,,,,0.28,
SHEFFIELD,53.381,-1.491,Dry,Mild,Sunny,23.541935483870965,12.687096774193549,,,6.496774193548387,,,,,,,,,,,,,0.3709677419354839,
SHEFFIELD,53.381,-1.491,Mild Rain,Mild,Sunny,19.406451612903226,11.648387096774194,,,4.648387096774194,,,,,,,,,,,,,3.8161290322580643,
SHEFFIELD,53.381,-1.491,Drizzle,Mild,Sunny,18.493333333333332,10.256666666666666,,,5.209999999999999,,,,,,,,,,,,,1.0533333333333335,
SHEFFIELD,53.381,-1.491,Drizzle,Mild,Sunny,16.858064516129033,9.564516129032258,,,4.158064516129032,,,,,,,,,,,,,1.7451612903225806,
SHEFFIELD,53.381,-1.491,Drizzle,Cool,Partially Overcast,7.446666666666667,2.356666666666667,,,1.6233333333333335,,,,,,,,,,,,,1.7,
SHEFFIELD,53.381,-1.491,Mild Rain,Cool,Partially Overcast,9.216129032258063,4.12258064516129,,,1.1483870967741936,,,,,,,,,,,,,3.338709677419355,
BUXTON,53.258,-1.914,Mild Rain,Cool,Partially Overcast,7.343333333333334,3.0774193548387094,1.7774193548387098,,0.7548387096774193,,,,,,,,,,,,,6.216666666666667,
BUXTON,53.258,-1.914,Dry,Cool,Partially Overcast,5.535714285714286,1.0464285714285713,-0.43928571428571433,,2.275,,,,,,,,,,,,,0.8464285714285714,
BUXTON,53.258,-1.914,Mild Rain,Cool,Sunny,8.22258064516129,2.8193548387096774,0.7290322580645162,,3.6695652173913045,,,,,,,,,,,,,3.541935483870968,
BUXTON,53.258,-1.914,Drizzle,Cool,Sunny,10.5,2.04,-0.060000000000000005,,6.2749999999999995,,,,,,,,,,,,,1.7566666666666666,
BUXTON,53.258,-1.914,Drizzle,Cool,Sunny,14.819354838709677,5.012903225806451,3.170967741935484,,7.155172413793103,,,,,,,,,,,,,1.4838709677419355,
BUXTON,53.258,-1.914,Dry,Mild,Sunny,17.44333333333333,7.653333333333333,5.930000000000001,,8.255555555555556,,,,,,,,,,,,,0.43666666666666665,
BUXTON,53.258,-1.914,Drizzle,Mild,Sunny,21.861290322580647,10.593548387096773,8.016129032258064,,6.425806451612903,,,,,,,,,,,,,1.1741935483870967,
BUXTON,53.258,-1.914,Mild Rain,Mild,Sunny,17.251612903225805,10.03225806451613,7.367741935483871,,5.230769230769231,,,,,,,,,,,,,4.032258064516129,
BUXTON,53.258,-1.914,Drizzle,Mild,Sunny,16.976666666666667,8.083333333333334,5.093333333333334,,6.118518518518518,,,,,,,,,,,,,1.1,
BUXTON,53.258,-1.914,Drizzle,Mild,Sunny,15.52258064516129,7.935483870967742,4.816129032258065,,4.014285714285714,,,,,,,,,,,,,2.3774193548387097,
BUXTON,53.258,-1.914,Drizzle,Cool,Sunny,6.016666666666667,0.4766666666666667,-1.006896551724138,,3.2333333333333334,,,,,,,,,,,,,2.3266666666666667,
BUXTON,53.258,-1.914,Mild Rain,Cool,Partially Overcast,6.874193548387097,2.3419354838709676,0.9806451612903225,,1.36875,,,,,,,,,,,,,5.458064516129032,
MALVERN,52.113,-2.308,Mild Rain,Cool,Partially Overcast,9.76774193548387,5.258064516129032,3.358064516129032,,1.403225806451613,,,,,,,,,,,,,2.519354838709677,
MALVERN,52.113,-2.308,Dry,Cool,Partially Overcast,7.653571428571429,2.292857142857143,0.32142857142857134,,2.5857142857142854,,,,,,,,,,,,,0.35000000000000003,
MALVERN,52.113,-2.308,Drizzle,Cool,Sunny,10.461290322580645,4.061290322580645,1.8516129032258064,,4.112903225806452,,,,,,,,,,,,,1.0096774193548388,
MALVERN,52.113,-2.308,Dry,Cool,Sunny,13.123333333333333,4.526666666666667,2.143333333333333,,6.776666666666667,,,,,,,,,,,,,0.99,
MALVERN,52.113,-2.308,Drizzle,Mild,Sunny,16.783870967741933,7.751612903225807,5.380645161290323,,7.629032258064516,,,,,,,,,,,,,1.0806451612903225,
MALVERN,52.113,-2.308,Dry,Mild,Sunny,20.56,10.6,8.136666666666667,,8.256666666666666,,,,,,,,,,,,,0.53,
MALVERN,52.113,-2.308,Dry,Mild,Sunny,24.72258064516129,14.264516129032257,11.2,,8.51290322580645,,,,,,,,,,,,,0.44193548387096776,
MALVERN,52.113,-2.308,Mild Rain,Mild,Sunny,19.61935483870968,12.19032258064516,10.083870967741936,,4.516129032258065,,,,,,,,,,,,,3.2580645161290325,
MALVERN,52.113,-2.308,Dry,Mild,Sunny,19.973333333333336,10.506666666666666,7.303333333333333,,5.58,,,,,,,,,,,,,0.9866666666666667,
MALVERN,52.113,-2.308,Drizzle,Mild,Sunny,18.0,9.783870967741937,6.829032258064516,,5.061290322580645,,,,,,,,,,,,,1.303225806451613,
MALVERN,52.113,-2.308,Drizzle,Cool,Partially Overcast,7.848275862068966,2.7517241379310344,0.9758620689655173,,1.9633333333333334,,,,,,,,,,,,,1.2933333333333332,
MALVERN,52.113,-2.308,Drizzle,Cool,Partially Overcast,8.641379310344828,4.593103448275862,1.761290322580645,,1.7548387096774194,,,,,,,,,,,,,1.5903225806451613,
ROSS-ON-WYE,51.911,-2.586,Drizzle,Cool,Partially Overcast,10.287096774193548,5.648387096774194,,,1.103225806451613,,,,,,,,,,,,,2.2,
ROSS-ON-WYE,51.911,-2.586,Dry,Cool,Partially Overcast,8.257142857142856,1.467857142857143,,,2.2214285714285715,,,,,,,,,,,,,0.4642857142857143,
ROSS-ON-WYE,51.911,-2.586,Drizzle,Cool,Sunny,11.448387096774193,4.061290322580645,,,3.893548387096774,,,,,,,,,,,,,1.0935483870967742,
ROSS-ON-WYE,51.911,-2.586,Dry,Cool,Sunny,14.006666666666666,2.856666666666667,,,6.743333333333334,,,,,,,,,,,,,0.5333333333333333,
ROSS-ON-WYE,51.911,-2.586,Dry,Mild,Sunny,18.032258064516128,5.770967741935484,,,7.609677419354839,,,,,,,,,,,,,0.9419354838709677,
ROSS-ON-WYE,51.911,-2.586,Dry,Mild,Sunny,23.040000000000003,8.889999999999999,,,8.44,,,,,,,,,,,,,0.3533333333333334,
ROSS-ON-WYE,51.911,-2.586,Dry,Hot,Sunny,26.396774193548385,12.48709677419355,,,8.270967741935483,,,,,,,,,,,,,0.4064516129032258,
ROSS-ON-WYE,51.911,-2.586,Drizzle,Mild,Sunny,20.39032258064516,11.580645161290322,,,4.706451612903226,,,,,,,,,,,,,1.9193548387096775,
ROSS-ON-WYE,51.911,-2.586,Drizzle,Mild,Sunny,19.90666666666667,8.693333333333333,,,5.136666666666667,,,,,,,,,,,,,1.3733333333333335,
ROSS-ON-WYE,51.911,-2.586,Drizzle,Mild,Sunny,18.561290322580643,7.754838709677419,,,4.812903225806451,,,,,,,,,,,,,1.0838709677419356,
ROSS-ON-WYE,51.911,-2.586,Drizzle,Cool,Partially Overcast,8.870000000000001,2.3133333333333335,,,1.88,,,,,,,,,,,,,1.5333333333333334,
ROSS-ON-WYE,51.911,-2.586,Drizzle,Cool,Partially Overcast,9.625806451612902,3.8870967741935485,,,1.6516129032258065,,,,,,,,,,,,,1.6677419354838707,
CHELTENHAM,51.895,-2.08,Drizzle,Cool,Partially Overcast,10.356666666666666,5.338709677419355,2.832258064516129,,1.035483870967742,,,,,,,,,,,,,1.903225806451613,
CHELTENHAM,51.895,-2.08,Dry,Cool,Partially Overcast,8.178571428571429,2.15,-0.5285714285714286,,2.7357142857142853,,,,,,,,,,,,,0.4035714285714285,
CHELTENHAM,51.895,-2.08,Drizzle,Cool,Sunny,11.206451612903225,4.419354838709677,1.329032258064516,,3.870967741935484,,,,,,,,,,,,,1.0193548387096774,
CHELTENHAM,51.895,-2.08,Dry,Cool,Sunny,13.65,4.06,0.5066666666666667,,6.98,,,,,,,,,,,,,0.9066666666666666,
CHELTENHAM,51.895,-2.08,Drizzle,Mild,Sunny,17.741935483870968,7.216129032258065,4.412903225806451,,7.558064516129033,,,,,,,,,,,,,1.1387096774193548,
CHELTENHAM,51.895,-2.08,Dry,Mild,Sunny,21.883333333333333,10.139999999999999,7.776666666666667,,8.04,,,,,,,,,,,,,0.38,
CHELTENHAM,51.895,-2.08,Dry,Hot,Sunny,25.967741935483872,13.870967741935484,11.593548387096773,,8.383870967741935,,,,,,,,,,,,,0.0,
CHELTENHAM,51.895,-2.08,Dry,Mild,Sunny,20.432258064516127,11.899999999999999,10.235483870967743,,4.387096774193548,,,,,,,,,,,,,0.0,
CHELTENHAM,51.895,-2.08,Drizzle,Mild,Sunny,20.126666666666665,9.413333333333332,6.686206896551725,,5.296666666666667,,,,,,,,,,,,,1.1833333333333333,
CHELTENHAM,51.895,-2.08,Dry,Mild,Sunny,18.65806451612903,8.62258064516129,5.619354838709677,,5.183870967741935,,,,,,,,,,,,,0.0,
CHELTENHAM,51.895,-2.08,Dry,Cool,Partially Overcast,8.646666666666667,2.1133333333333333,-0.5933333333333334,,1.8099999999999998,,,,,,,,,,,,,0.0,
CHELTENHAM,51.895,-2.08,Drizzle,Cool,Partially Overcast,9.819354838709677,3.141935483870968,0.30333333333333334,,1.2064516129032257,,,,,,,,,,,,,1.1387096774193548,
HAMPSTEAD,51.561,-0.18,Drizzle,Cool,Partially Overcast,9.229032258064517,4.616129032258065,,,0.932258064516129,,,,,,,,,,,,,2.161290322580645,
HAMPSTEAD,51.561,-0.18,Dry,Cool,Partially Overcast,7.635714285714286,1.9214285714285713,,,2.0678571428571426,,,,,,,,,,,,,0.25,
HAMPSTEAD,51.561,-0.18,Drizzle,Cool,Sunny,10.906451612903227,3.8225806451612905,,,4.019354838709678,,,,,,,,,,,,,1.0774193548387097,
HAMPSTEAD,51.561,-0.18,Drizzle,Cool,Sunny,13.253333333333334,4.096666666666667,,,7.033333333333333,,,,,,,,,,,,,1.1333333333333333,
HAMPSTEAD,51.561,-0.18,Dry,Mild,Sunny,17.219354838709677,7.55483870967742,,,7.47741935483871,,,,,,,,,,,,,0.9225806451612903,
HAMPSTEAD,51.561,-0.18,Dry,Mild,Sunny,20.65,9.870000000000001,,,7.48,,,,,,,,,,,,,0.28,
HAMPSTEAD,51.561,-0.18,Dry,Hot,Sunny,25.238709677419354,13.703225806451613,,,8.483870967741936,,,,,,,,,,,,,0.16774193548387098,
HAMPSTEAD,51.561,-0.18,Drizzle,Mild,Sunny,21.12258064516129,12.351612903225806,,,5.451612903225806,,,,,,,,,,,,,1.506451612903226,
HAMPSTEAD,51.561,-0.18,Drizzle,Mild,Sunny,20.316666666666666,11.17,,,5.92,,,,,,,,,,,,,2.2066666666666666,
HAMPSTEAD,51.561,-0.18,Dry,Mild,Sunny,19.02258064516129,9.693548387096774,,,5.416129032258064,,,,,,,,,,,,,0.5548387096774193,
HAMPSTEAD,51.561,-0.18,Drizzle,Cool,Partially Overcast,7.166666666666667,1.5,,,1.5733333333333335,,,,,,,,,,,,,1.5433333333333332,
HAMPSTEAD,51.561,-0.18,Drizzle,Cool,Partially Overcast,8.51290322580645,3.2903225806451615,,,1.2645161290322582,,,,,,,,,,,,,1.1935483870967742,
"LONDON, ST JAMES'S PARK",51.505,-0.131,Drizzle,Cool,Partially Overcast,11.067741935483872,5.8100000000000005,2.5466666666666664,,0.7,,,,,,,,,,,,,1.7,
"LONDON, ST JAMES'S PARK",51.505,-0.131,,Cool,Partially Overcast,9.192857142857141,2.7964285714285713,0.0642857142857143,,1.6642857142857144,,,,,,,,,,,,,,
"LONDON, ST JAMES'S PARK",51.505,-0.131,,Cool,Sunny,12.47741935483871,4.283870967741936,0.8419354838709678,,3.803225806451613,,,,,,,,,,,,,,
"LONDON, ST JAMES'S PARK",51.505,-0.131,,Cool,Sunny,14.936666666666667,5.37,2.2733333333333334,,6.2,,,,,,,,,,,,,,
"LONDON, ST JAMES'S PARK",51.505,-0.131,,Mild,Sunny,18.799999999999997,8.570967741935483,5.416129032258064,,7.325806451612903,,,,,,,,,,,,,,
"LONDON, ST JAMES'S PARK",51.505,-0.131,,Mild,Sunny,21.5,11.389999999999999,8.914285714285715,,7.27,,,,,,,,,,,,,,
"LONDON, ST JAMES'S PARK",51.505,-0.131,,Hot,Sunny,26.219354838709677,15.02258064516129,12.182142857142859,,8.161290322580646,,,,,,,,,,,,,,
"LONDON, ST JAMES'S PARK",51.505,-0.131,,Mild,Sunny,22.309677419354838,13.348387096774195,10.417241379310346,,5.34516129032258,,,,,,,,,,,,,,
"LONDON, ST JAMES'S PARK",51.505,-0.131,,Mild,Sunny,21.52,11.5,8.353333333333333,,5.1033333333333335,,,,,,,,,,,,,,
"LONDON, ST JAMES'S PARK",51.505,-0.131,,Mild,Sunny,20.093548387096774,9.27741935483871,5.966666666666667,,4.567741935483871,,,,,,,,,,,,,,
"LONDON, ST JAMES'S PARK",51.505,-0.131,,Cool,Partially Overcast,8.366666666666667,2.6666666666666665,-0.2566666666666667,,1.0433333333333334,,,,,,,,,,,,,,
"LONDON, ST JAMES'S PARK",51.505,-0.131,,Cool,Partially Overcast,10.325806451612904,4.245161290322581,1.2806451612903227,,0.8064516129032258,,,,,,,,,,,,,,
WISLEY,51.311,-0.476,Drizzle,Cool,Partially Overcast,10.538709677419355,5.141935483870968,1.5966666666666667,,1.2806451612903227,,,,,,,,,,,,,1.7129032258064516,
WISLEY,51.311,-0.476,Dry,Cool,Partially Overcast,8.39642857142857,0.6892857142857144,-4.042857142857143,,2.275,,,,,,,,,,,,,0.4357142857142858,
WISLEY,51.311,-0.476,Dry,Cool,Sunny,11.883870967741935,3.2935483870967746,-2.796774193548387,,4.309677419354839,,,,,,,,,,,,,0.970967741935484,
WISLEY,51.311,-0.476,Dry,Cool,Sunny,14.423333333333334,3.1133333333333337,-2.8333333333333335,,6.706666666666666,,,,,,,,,,,,,0.6233333333333333,
WISLEY,51.311,-0.476,Dry,Mild,Sunny,18.516129032258064,6.470967741935484,1.432258064516129,,7.319354838709677,,,,,,,,,,,,,0.9806451612903225,
WISLEY,51.311,-0.476,Dry,Mild,Sunny,21.926666666666666,9.013333333333332,4.116666666666666,,7.803333333333333,,,,,,,,,,,,,0.09666666666666668,
WISLEY,51.311,-0.476,Dry,Hot,Sunny,26.793548387096774,12.325806451612904,6.941935483870967,,8.496774193548386,,,,,,,,,,,,,0.15806451612903225,
WISLEY,51.311,-0.476,Dry,Mild,Sunny,22.396774193548385,11.51290322580645,6.703225806451614,,5.619354838709677,,,,,,,,,,,,,0.45483870967741935,
WISLEY,51.311,-0.476,Drizzle,Mild,Sunny,21.41,9.053333333333335,4.34,,5.753333333333333,,,,,,,,,,,,,1.06,
WISLEY,51.311,-0.476,Dry,Mild,Sunny,20.067741935483873,6.970967741935484,2.070967741935484,,5.535483870967742,,,,,,,,,,,,,0.6387096774193549,
WISLEY,51.311,-0.476,Drizzle,Cool,Partially Overcast,8.04,1.1400000000000001,-2.5206896551724136,,1.7833333333333334,,,,,,,,,,,,,1.3366666666666667,
WISLEY,51.311,-0.476,Drizzle,Cool,Partially Overcast,9.816129032258065,3.532258064516129,0.6333333333333333,,1.4161290322580644,,,,,,,,,,,,,1.2193548387096773,
FOLKESTONE,51.078,1.178,,Cool,Partially Overcast,9.774193548387096,5.638709677419355,,,2.7624999999999997,,,,,,,,,,,,,,
FOLKESTONE,51.078,1.178,,Cool,Sunny,8.425,2.8392857142857144,,,4.005000000000001,,,,,,,,,,,,,,
FOLKESTONE,51.078,1.178,,Cool,Sunny,11.14516129032258,4.387096774193548,,,4.835483870967742,,,,,,,,,,,,,,
FOLKESTONE,51.078,1.178,,Cool,Sunny,13.35,5.493333333333333,,,7.35,,,,,,,,,,,,,,
FOLKESTONE,51.078,1.178,,Mild,Sunny,17.148387096774194,8.241935483870968,,,8.164516129032258,,,,,,,,,,,,,,
FOLKESTONE,51.078,1.178,,Mild,Sunny,19.316666666666666,10.889999999999999,,,7.6066666666666665,,,,,,,,,,,,,,
FOLKESTONE,51.078,1.178,,Mild,Sunny,22.651612903225807,13.541935483870969,,,9.538709677419355,,,,,,,,,,,,,,
FOLKESTONE,51.078,1.178,,Mild,Sunny,20.929032258064513,13.09032258064516,,,6.361290322580645,,,,,,,,,,,,,,
FOLKESTONE,51.078,1.178,,Mild,Sunny,19.586206896551722,12.200000000000001,,,6.896,,,,,,,,,,,,,,
FOLKESTONE,51.078,1.178,,Mild,Sunny,18.44193548387097,10.548387096774194,,,5.674193548387097,,,,,,,,,,,,,,
FOLKESTONE,51.078,1.178,,Cool,Sunny,8.793333333333333,2.48,,,3.3800000000000003,,,,,,,,,,,,,,
FOLKESTONE,51.078,1.178,,Cool,Partially Overcast,9.564516129032258,4.15483870967742,,,1.1225806451612903,,,,,,,,,,,,,,
MARGATE,51.392,1.402,Dry,Cool,Partially Overcast,10.23225806451613,5.877419354838709,4.103225806451613,,1.2419354838709677,,,,,,,,,,,,,0.9580645161290322,
MARGATE,51.392,1.402,Dry,Cool,Partially Overcast,8.153571428571428,3.7857142857142856,1.925,,2.4892857142857143,,,,,,,,,,,,,0.5857142857142856,
MARGATE,51.392,1.402,Dry,Cool,Sunny,11.958064516129031,4.925806451612903,2.7161290322580647,,5.119354838709677,,,,,,,,,,,,,0.6612903225806451,
MARGATE,51.392,1.402,Dry,Cool,Sunny,11.043333333333333,6.203333333333333,3.83,,7.136666666666667,,,,,,,,,,,,,0.5933333333333334,
MARGATE,51.392,1.402,Dry,Mild,Sunny,15.72258064516129,9.16451612903226,6.458064516129032,,7.980645161290322,,,,,,,,,,,,,0.5903225806451612,
MARGATE,51.392,1.402,Dry,Mild,Sunny,17.259999999999998,11.69,9.426666666666668,,6.246666666666667,,,,,,,,,,,,,0.10333333333333333,
MARGATE,51.392,1.402,Dry,Mild,Sunny,22.061290322580643,14.838709677419354,12.435483870967742,,8.880645161290323,,,,,,,,,,,,,0.06451612903225806,
MARGATE,51.392,1.402,Drizzle,Mild,Sunny,21.10967741935484,14.287096774193548,11.974193548387097,,5.851612903225806,,,,,,,,,,,,,1.1870967741935483,
MARGATE,51.392,1.402,Dry,Mild,Sunny,19.317241379310346,13.327586206896552,10.386206896551723,,6.275438596491228,,,,,,,,,,,,,0.5084745762711864,
MARGATE,51.392,1.402,Dry,Mild,Sunny,18.258064516129032,12.154838709677419,9.319354838709677,,4.506451612903225,,,,,,,,,,,,,0.5903225806451612,
MARGATE,51.392,1.402,Drizzle,Cool,Partially Overcast,7.683333333333334,3.9200000000000004,1.29,,2.8,,,,,,,,,,,,,1.1533333333333333,
MARGATE,51.392,1.402,Dry,Cool,Partially Overcast,8.574193548387097,4.267741935483872,1.903225806451613,,0.6225806451612903,,,,,,,,,,,,,0.7548387096774193,
BOGNOR REGIS,50.782,-0.677,Mild Rain,Cool,Partially Overcast,9.983870967741936,5.929032258064517,,,1.603225806451613,,,,,,,,,,,,,2.8483870967741933,
BOGNOR REGIS,50.782,-0.677,Dry,Cool,Sunny,7.914285714285714,2.875,,,3.2285714285714286,,,,,,,,,,,,,0.7357142857142858,
BOGNOR REGIS,50.782,-0.677,Dry,Cool,Sunny,10.364516129032259,4.716129032258064,,,5.119354838709677,,,,,,,,,,,,,0.8387096774193549,
BOGNOR REGIS,50.782,-0.677,Dry,Cool,Sunny,13.389999999999999,4.846666666666667,,,7.680000000000001,,,,,,,,,,,,,0.7666666666666667,
BOGNOR REGIS,50.782,-0.677,Dry,Mild,Sunny,16.10967741935484,8.658064516129032,,,8.14516129032258,,,,,,,,,,,,,0.9806451612903225,
BOGNOR REGIS,50.782,-0.677,Dry,Mild,Sunny,19.78666666666667,10.889999999999999,,,8.966666666666667,,,,,,,,,,,,,0.05,
BOGNOR REGIS,50.782,-0.677,Dry,Mild,Sunny,22.69677419354839,14.203225806451613,,,8.696774193548388,,,,,,,,,,,,,0.35161290322580646,
BOGNOR REGIS,50.782,-0.677,Drizzle,Mild,Sunny,20.361290322580647,13.038709677419355,,,6.261290322580645,,,,,,,,,,,,,1.8161290322580645,
BOGNOR REGIS,50.782,-0.677,Dry,Mild,Sunny,19.59,12.020000000000001,,,6.260000000000001,,,,,,,,,,,,,0.41333333333333333,
BOGNOR REGIS,50.782,-0.677,Dry,Mild,Sunny,17.467741935483872,10.583870967741936,,,5.4,,,,,,,,,,,,,0.9161290322580645,
BOGNOR REGIS,50.782,-0.677,Drizzle,Cool,Partially Overcast,9.893333333333334,4.433333333333334,,,2.9699999999999998,,,,,,,,,,,,,1.66,
BOGNOR REGIS,50.782,-0.677,Drizzle,Cool,Partially Overcast,9.961290322580645,4.316129032258065,,,1.5799999999999998,,,,,,,,,,,,,1.396774193548387,
EASTBOURNE,50.759,0.283,Drizzle,Cool,Partially Overcast,9.974193548387097,6.116129032258065,4.103225806451613,,1.603225806451613,,,,,,,,,,,,,2.4870967741935486,
EASTBOURNE,50.759,0.283,Dry,Cool,Sunny,8.242857142857144,2.539285714285714,-0.014285714285714355,,3.0714285714285716,,,,,,,,,,,,,0.875,
EASTBOURNE,50.759,0.283,Drizzle,Cool,Sunny,11.16451612903226,4.961290322580646,2.1193548387096777,,5.17741935483871,,,,,,,,,,,,,1.3516129032258064,
EASTBOURNE,50.759,0.283,Drizzle,Cool,Sunny,13.520000000000001,5.403333333333333,2.6599999999999997,,8.236666666666666,,,,,,,,,,,,,1.07,
EASTBOURNE,50.759,0.283,Dry,Mild,Sunny,16.087096774193547,8.845161290322581,6.893548387096774,,8.48709677419355,,,,,,,,,,,,,0.7225806451612903,
EASTBOURNE,50.759,0.283,Dry,Mild,Sunny,19.086666666666666,11.333333333333334,9.296666666666665,,8.053333333333333,,,,,,,,,,,,,0.16333333333333336,
EASTBOURNE,50.759,0.283,Dry,Mild,Sunny,22.129032258064516,14.345161290322581,11.761290322580646,,9.245161290322581,,,,,,,,,,,,,0.23225806451612904,
EASTBOURNE,50.759,0.283,Drizzle,Mild,Sunny,20.07741935483871,13.696774193548388,11.845161290322581,,6.280645161290322,,,,,,,,,,,,,1.0774193548387097,
EASTBOURNE,50.759,0.283,Dry,Mild,Sunny,19.516666666666666,11.72,9.110000000000001,,6.836666666666667,,,,,,,,,,,,,0.5700000000000001,
EASTBOURNE,50.759,0.283,Drizzle,Mild,Sunny,17.874193548387098,10.167741935483871,7.145161290322581,,5.82258064516129,,,,,,,,,,,,,1.0548387096774194,
EASTBOURNE,50.759,0.283,Drizzle,Cool,Sunny,9.296666666666665,4.403333333333333,2.43,,3.44,,,,,,,,,,,,,1.6700000000000002,
EASTBOURNE,50.759,0.283,Drizzle,Cool,Partially Overcast,9.387096774193548,5.316129032258065,3.425806451612903,,1.506451612903226,,,,,,,,,,,,,2.148387096774193,
BOURNEMOUTH,50.727,-1.885,Mild Rain,Cool,Partially Overcast,10.272413793103448,5.923333333333333,,,1.064516129032258,,,,,,,,,,,,,3.1733333333333333,
BOURNEMOUTH,50.727,-1.885,Dry,Cool,Partially Overcast,8.735714285714286,2.017857142857143,,,2.9535714285714287,,,,,,,,,,,,,0.7535714285714287,
BOURNEMOUTH,50.727,-1.885,Drizzle,Cool,Sunny,11.30967741935484,4.170967741935484,,,4.199999999999999,,,,,,,,,,,,,1.1612903225806452,
BOURNEMOUTH,50.727,-1.885,Dry,Cool,Sunny,14.370000000000001,4.1466666666666665,,,8.35,,,,,,,,,,,,,0.8766666666666666,
BOURNEMOUTH,50.727,-1.885,Drizzle,Mild,Sunny,17.251612903225805,7.729032258064516,,,8.116129032258064,,,,,,,,,,,,,1.1935483870967742,
BOURNEMOUTH,50.727,-1.885,Dry,Mild,Sunny,21.259999999999998,9.883333333333333,,,8.9,,,,,,,,,,,,,0.4766666666666666,
BOURNEMOUTH,50.727,-1.885,Dry,Mild,Sunny,24.135483870967743,13.541935483870969,,,8.66451612903226,,,,,,,,,,,,,0.23225806451612904,
BOURNEMOUTH,50.727,-1.885,Drizzle,Mild,Sunny,20.651612903225807,11.738709677419354,,,5.829032258064516,,,,,,,,,,,,,1.9516129032258065,
BOURNEMOUTH,50.727,-1.885,Dry,Mild,Sunny,20.246666666666666,10.143333333333334,,,5.87,,,,,,,,,,,,,0.7200000000000001,
BOURNEMOUTH,50.727,-1.885,Drizzle,Mild,Sunny,18.080645161290324,8.561290322580644,,,5.532258064516129,,,,,,,,,,,,,1.1709677419354838,
BOURNEMOUTH,50.727,-1.885,Drizzle,Cool,Partially Overcast,10.073333333333332,4.29,,,2.3266666666666667,,,,,,,,,,,,,1.6133333333333333,
BOURNEMOUTH,50.727,-1.885,Drizzle,Cool,Partially Overcast,10.100000000000001,4.348387096774194,,,1.5935483870967742,,,,,,,,,,,,,1.4709677419354836,
"SOUTHAMPTON, EAST PARK",50.905,-1.405,Mild Rain,Cool,Partially Overcast,10.30967741935484,4.851612903225806,,,0.867741935483871,,,,,,,,,,,,,3.0903225806451613,
"SOUTHAMPTON, EAST PARK",50.905,-1.405,Dry,Cool,Partially Overcast,8.792857142857143,1.3499999999999999,,,2.742857142857143,,,,,,,,,,,,,0.35714285714285715,
"SOUTHAMPTON, EAST PARK",50.905,-1.405,Drizzle,Cool,Sunny,11.748387096774193,3.096774193548387,,,4.16774193548387,,,,,,,,,,,,,1.0193548387096774,
"SOUTHAMPTON, EAST PARK",50.905,-1.405,Dry,Cool,Sunny,14.93,3.756666666666667,,,7.666666666666667,,,,,,,,,,,,,0.8233333333333334,
"SOUTHAMPTON, EAST PARK",50.905,-1.405,Drizzle,Mild,Sunny,18.106451612903225,7.509677419354839,,,7.506451612903225,,,,,,,,,,,,,1.0451612903225806,
"SOUTHAMPTON, EAST PARK",50.905,-1.405,Dry,Mild,Sunny,21.146666666666665,9.92,,,8.543333333333333,,,,,,,,,,,,,0.13,
"SOUTHAMPTON, EAST PARK",50.905,-1.405,Dry,Hot,Sunny,25.225806451612904,13.041935483870969,,,8.69032258064516,,,,,,,,,,,,,0.5258064516129033,
"SOUTHAMPTON, EAST PARK",50.905,-1.405,Drizzle,Mild,Sunny,21.316129032258065,12.219354838709679,,,5.687096774193549,,,,,,,,,,,,,1.761290322580645,
"SOUTHAMPTON, EAST PARK",50.905,-1.405,Dry,Mild,Sunny,21.183333333333334,10.82,,,6.15,,,,,,,,,,,,,0.6566666666666666,
"SOUTHAMPTON, EAST PARK",50.905,-1.405,Dry,Mild,Sunny,19.55483870967742,9.141935483870967,,,5.377419354838709,,,,,,,,,,,,,0.7903225806451613,
"SOUTHAMPTON, EAST PARK",50.905,-1.405,Drizzle,Cool,Partially Overcast,10.03,3.756666666666667,,,2.3866666666666663,,,,,,,,,,,,,1.6166666666666667,
"SOUTHAMPTON, EAST PARK",50.905,-1.405,Drizzle,Cool,Partially Overcast,10.020000000000001,4.433333333333334,,,1.1935483870967742,,,,,,,,,,,,,1.6,
SOUTH FARNBOROUGH,51.28,-0.773,Drizzle,Cool,Partially Overcast,9.996666666666666,4.367741935483871,,,1.2838709677419353,,,,,,,,,,,,,1.9200000000000002,
SOUTH FARNBOROUGH,51.28,-0.773,Dry,Cool,Partially Overcast,8.575,0.4035714285714285,,,2.507142857142857,,,,,,,,,,,,,0.39285714285714285,
SOUTH FARNBOROUGH,51.28,-0.773,Dry,Cool,Sunny,12.096774193548388,2.3451612903225807,,,4.290322580645161,,,,,,,,,,,,,0.7645161290322581,
SOUTH FARNBOROUGH,51.28,-0.773,Dry,Mild,Sunny,15.526666666666667,2.296666666666667,,,6.703333333333333,,,,,,,,,,,,,0.5733333333333334,
SOUTH FARNBOROUGH,51.28,-0.773,Drizzle,Mild,Sunny,18.903225806451612,5.97741935483871,,,7.6,,,,,,,,,,,,,1.0,
SOUTH FARNBOROUGH,51.28,-0.773,Dry,Mild,Sunny,22.813333333333333,8.763333333333332,,,7.946666666666667,,,,,,,,,,,,,0.13,
SOUTH FARNBOROUGH,51.28,-0.773,Dry,Hot,Sunny,26.835483870967742,11.251612903225807,,,8.190322580645162,,,,,,,,,,,,,0.45161290322580644,
SOUTH FARNBOROUGH,51.28,-0.773,Drizzle,Mild,Sunny,22.43548387096774,10.964516129032257,,,5.15483870967742,,,,,,,,,,,,,1.0612903225806452,
SOUTH FARNBOROUGH,51.28,-0.773,Drizzle,Mild,Sunny,21.63,8.126666666666667,,,6.016666666666667,,,,,,,,,,,,,1.1833333333333333,
SOUTH FARNBOROUGH,51.28,-0.773,Dry,Mild,Sunny,19.90967741935484,6.819999999999999,,,5.558064516129033,,,,,,,,,,,,,0.6064516129032258,
SOUTH FARNBOROUGH,51.28,-0.773,Drizzle,Cool,Partially Overcast,8.216666666666667,0.7275862068965516,,,2.06,,,,,,,,,,,,,1.26,
SOUTH FARNBOROUGH,51.28,-0.773,Drizzle,Cool,Partially Overcast,9.148387096774194,2.990322580645161,,,1.4193548387096775,,,,,,,,,,,,,1.2354838709677418,
LARKHILL,51.202,-1.806,Mild Rain,Cool,,9.71,4.280645161290322,,,,,,,,,,,,,,,,2.54,
LARKHILL,51.202,-1.806,Dry,Cool,,8.178571428571429,1.0285714285714287,,,,,,,,,,,,,,,,0.32142857142857145,
LARKHILL,51.202,-1.806,Dry,Cool,,10.729032258064517,2.425806451612903,,,,,,,,,,,,,,,,0.9193548387096774,
LARKHILL,51.202,-1.806,Dry,Cool,,13.59,2.77,,,,,,,,,,,,,,,,0.8433333333333334,
LARKHILL,51.202,-1.806,Drizzle,Mild,,16.77741935483871,6.132258064516129,,,,,,,,,,,,,,,,1.2645161290322582,
LARKHILL,51.202,-1.806,Dry,Mild,Sunny,20.740000000000002,8.723333333333333,,,6.066666666666666,,,,,,,,,,,,,0.14666666666666667,
LARKHILL,51.202,-1.806,Dry,Mild,,24.69677419354839,12.0,,,,,,,,,,,,,,,,0.35806451612903223,
LARKHILL,51.202,-1.806,Drizzle,Mild,,20.34193548387097,10.735483870967743,,,,,,,,,,,,,,,,1.0935483870967742,
LARKHILL,51.202,-1.806,Drizzle,Mild,,19.78666666666667,9.296666666666665,,,,,,,,,,,,,,,,1.23,
LARKHILL,51.202,-1.806,Drizzle,Mild,,18.396774193548385,8.164516129032258,,,,,,,,,,,,,,,,1.1193548387096774,
LARKHILL,51.202,-1.806,Drizzle,Cool,,8.18,1.57,,,,,,,,,,,,,,,,1.6566666666666667,
LARKHILL,51.202,-1.806,Drizzle,Cool,,8.97741935483871,2.6903225806451614,,,,,,,,,,,,,,,,1.5225806451612904,
MARLBOROUGH,51.416,-1.735,Mild Rain,Cool,Partially Overcast,9.72,4.206451612903226,2.03,,0.6225806451612903,,,,,,,,,,,,,2.7,
MARLBOROUGH,51.416,-1.735,Dry,Cool,Partially Overcast,7.892857142857143,0.39285714285714285,-1.9,,2.289285714285714,,,,,,,,,,,,,0.5857142857142857,
MARLBOROUGH,51.416,-1.735,Drizzle,Cool,Sunny,10.961290322580645,2.638709677419355,0.15161290322580648,,3.6903225806451614,,,,,,,,,,,,,1.1064516129032258,
MARLBOROUGH,51.416,-1.735,Dry,Cool,Sunny,13.296666666666665,1.9833333333333334,-2.36,,7.03,,,,,,,,,,,,,0.8333333333333334,
MARLBOROUGH,51.416,-1.735,Drizzle,Mild,Sunny,17.11935483870968,4.932258064516129,2.396774193548387,,6.474193548387096,,,,,,,,,,,,,1.6129032258064515,
MARLBOROUGH,51.416,-1.735,Dry,Mild,Sunny,21.23,7.47,4.916666666666667,,7.09,,,,,,,,,,,,,0.23,
MARLBOROUGH,51.416,-1.735,Dry,Hot,Sunny,25.216129032258067,10.538709677419355,7.316129032258065,,7.941935483870967,,,,,,,,,,,,,0.3225806451612903,
MARLBOROUGH,51.416,-1.735,Drizzle,Mild,Sunny,19.896774193548385,9.82258064516129,6.963333333333334,,4.72258064516129,,,,,,,,,,,,,1.1903225806451612,
MARLBOROUGH,51.416,-1.735,Drizzle,Mild,Sunny,19.94,7.11,5.09,,5.613333333333333,,,,,,,,,,,,,1.9133333333333333,
MARLBOROUGH,51.416,-1.735,Drizzle,Mild,Sunny,18.561290322580643,5.864516129032258,3.703225806451613,,4.780645161290322,,,,,,,,,,,,,1.2225806451612902,
MARLBOROUGH,51.416,-1.735,Drizzle,Cool,Partially Overcast,8.266666666666667,0.6633333333333333,-0.5633333333333332,,1.34,,,,,,,,,,,,,1.7133333333333334,
MARLBOROUGH,51.416,-1.735,Drizzle,Cool,Partially Overcast,9.125806451612902,1.9774193548387098,0.29354838709677417,,1.0032258064516129,,,,,,,,,,,,,1.8612903225806452,
PAISLEY,55.845,-4.431,Mild Rain,Cool,Partially Overcast,8.312903225806451,3.670967741935484,1.7838709677419353,,0.9612903225806452,,,,,,,,,,,,,6.925806451612903,
PAISLEY,55.845,-4.431,Drizzle,Cool,Partially Overcast,7.557142857142857,2.525,0.3178571428571429,,1.3,,,,,,,,,,,,,1.1535714285714285,
PAISLEY,55.845,-4.431,Mild Rain,Cool,Partially Overcast,9.029032258064515,3.167741935483871,2.0387096774193547,,2.8096774193548386,,,,,,,,,,,,,6.032258064516129,
PAISLEY,55.845,-4.431,Dry,Cool,Sunny,12.936666666666667,3.7233333333333336,1.07,,5.696666666666667,,,,,,,,,,,,,0.8766666666666667,
PAISLEY,55.845,-4.431,Drizzle,Mild,Sunny,15.2,6.296774193548386,2.9096774193548387,,6.048387096774194,,,,,,,,,,,,,2.07741935483871,
PAISLEY,55.845,-4.431,Dry,Mild,Sunny,19.8,9.306666666666667,7.013333333333334,,8.233333333333333,,,,,,,,,,,,,0.42,
PAISLEY,55.845,-4.431,Mild Rain,Mild,Sunny,21.096774193548388,11.87741935483871,10.519354838709678,,5.674193548387097,,,,,,,,,,,,,3.167741935483871,
PAISLEY,55.845,-4.431,Mild Rain,Mild,Sunny,17.68064516129032,10.14516129032258,7.932258064516129,,4.751612903225807,,,,,,,,,,,,,4.848387096774194,
PAISLEY,55.845,-4.431,Drizzle,Mild,Sunny,16.913333333333334,9.53,6.556666666666667,,4.8966666666666665,,,,,,,,,,,,,1.9466666666666665,
PAISLEY,55.845,-4.431,Mild Rain,Cool,Partially Overcast,14.919354838709678,9.029032258064515,5.970967741935484,,2.1258064516129034,,,,,,,,,,,,,4.054838709677419,
PAISLEY,55.845,-4.431,Mild Rain,Cool,Partially Overcast,7.65,2.6448275862068966,-0.1933333333333334,,1.53,,,,,,,,,,,,,3.1266666666666665,
PAISLEY,55.845,-4.431,Mild Rain,Cool,Partially Overcast,9.025806451612903,3.8774193548387097,1.4290322580645163,,0.8774193548387097,,,,,,,,,,,,,5.693548387096774,
ESKDALEMUIR,55.312,-3.207,,Cool,Partially Overcast,7.319999999999999,1.19,,,0.8451612903225807,,,,,,,,,,,,,,
ESKDALEMUIR,55.312,-3.207,,Cool,Partially Overcast,6.622222222222223,-0.8592592592592594,,,2.1714285714285713,,,,,,,,,,,,,,
ESKDALEMUIR,55.312,-3.207,,Cool,Partially Overcast,7.046666666666667,1.4903225806451614,,,2.57741935483871,,,,,,,,,,,,,,
ESKDALEMUIR,55.312,-3.207,,Cool,Sunny,9.653333333333334,2.185,,,5.92,,,,,,,,,,,,,,
ESKDALEMUIR,55.312,-3.207,,Cool,Sunny,12.172580645161291,4.864516129032259,,,6.129032258064516,,,,,,,,,,,,,,
ESKDALEMUIR,55.312,-3.207,,Mild,Sunny,16.276666666666667,8.12,,,7.39,,,,,,,,,,,,,,
ESKDALEMUIR,55.312,-3.207,,Mild,Sunny,18.190322580645162,10.55,,,4.874193548387097,,,,,,,,,,,,,,
ESKDALEMUIR,55.312,-3.207,,Cool,Sunny,14.974193548387097,8.741935483870968,,,3.896774193548387,,,,,,,,,,,,,,
ESKDALEMUIR,55.312,-3.207,,Cool,Sunny,13.651666666666667,7.441666666666666,,,4.06,,,,,,,,,,,,,,
ESKDALEMUIR,55.312,-3.207,,Cool,Partially Overcast,12.312903225806451,7.16774193548387,,,2.8741935483870966,,,,,,,,,,,,,,
ESKDALEMUIR,55.312,-3.207,,Cold,Partially Overcast,4.9816666666666665,0.21499999999999997,,,2.56,,,,,,,,,,,,,,
ESKDALEMUIR,55.312,-3.207,,Cool,Partially Overcast,6.908064516129032,2.570967741935484,,,1.1225806451612903,,,,,,,,,,,,,,
NEWTON RIGG,54.67,-2.788,Mild Rain,Cool,Partially Overcast,8.783870967741937,2.9000000000000004,1.2714285714285716,,0.7,,,,,,,,,,,,,6.166666666666667,
NEWTON RIGG,54.67,-2.788,Dry,Cool,Partially Overcast,7.064285714285715,0.7928571428571429,-1.6814814814814814,,2.1607142857142856,,,,,,,,,,,,,0.18214285714285713,
NEWTON RIGG,54.67,-2.788,Mild Rain,Cool,Partially Overcast,8.96774193548387,2.2129032258064516,,,2.541935483870968,,,,,,,,,,,,,4.903846153846154,
NEWTON RIGG,54.67,-2.788,Drizzle,Cool,Sunny,11.96,1.6833333333333333,-1.713793103448276,,6.35,,,,,,,,,,,,,2.393333333333333,
NEWTON RIGG,54.67,-2.788,Mild Rain,Mild,Sunny,15.151612903225805,4.516129032258065,3.125,,6.748387096774193,,,,,,,,,,,,,2.73125,
NEWTON RIGG,54.67,-2.788,Drizzle,Mild,Sunny,19.009999999999998,7.180000000000001,4.4655172413793105,,7.873333333333333,,,,,,,,,,,,,1.0818181818181818,
NEWTON RIGG,54.67,-2.788,Mild Rain,Mild,Sunny,21.41290322580645,10.290322580645162,8.14516129032258,,6.287096774193548,,,,,,,,,,,,,4.125,
NEWTON RIGG,54.67,-2.788,Mild Rain,Mild,Sunny,18.0,9.096774193548388,7.796666666666667,,4.316129032258065,,,,,,,,,,,,,6.122727272727272,
NEWTON RIGG,54.67,-2.788,Mild Rain,Mild,Sunny,17.126666666666665,7.13,5.256666666666666,,5.09,,,,,,,,,,,,,2.9583333333333335,
NEWTON RIGG,54.67,-2.788,Mild Rain,Mild,Partially Overcast,15.893548387096773,7.619354838709677,4.810344827586207,,2.8,,,,,,,,,,,,,2.6782608695652175,
NEWTON RIGG,54.67,-2.788,Drizzle,Cool,Partially Overcast,7.503333333333333,0.6533333333333332,-1.63,,2.5633333333333335,,,,,,,,,,,,,2.2,
NEWTON RIGG,54.67,-2.788,Mild Rain,Cool,Partially Overcast,9.3,2.2199999999999998,-0.41333333333333333,,1.3129032258064517,,,,,,,,,,,,,4.860714285714286,
BOLTON,53.6,-2.419,Mild Rain,Cool,Partially Overcast,9.280645161290321,4.4,3.3193548387096774,,0.37741935483870964,,,,,,,,,,,,,5.390322580645161,
BOLTON,53.6,-2.419,Dry,Cool,Partially Overcast,7.039285714285714,2.442857142857143,0.9851851851851853,,0.7142857142857143,,,,,,,,,,,,,0.9357142857142857,
BOLTON,53.6,-2.419,Mild Rain,Cool,Partially Overcast,9.62258064516129,3.490322580645161,2.2806451612903227,,1.5451612903225806,,,,,,,,,,,,,2.6870967741935483,
BOLTON,53.6,-2.419,Drizzle,Cool,Sunny,12.08,3.5433333333333334,1.28,,5.006666666666666,,,,,,,,,,,,,2.04,
BOLTON,53.6,-2.419,Drizzle,Mild,Sunny,16.18709677419355,6.216129032258064,4.32258064516129,,6.02258064516129,,,,,,,,,,,,,2.2870967741935484,
BOLTON,53.6,-2.419,Dry,Mild,Sunny,18.94,9.443333333333333,7.031034482758621,,7.35,,,,,,,,,,,,,0.41333333333333333,
BOLTON,53.6,-2.419,Drizzle,Mild,Sunny,23.05483870967742,12.541935483870969,10.693548387096774,,6.612903225806452,,,,,,,,,,,,,1.2741935483870968,
BOLTON,53.6,-2.419,Mild Rain,Mild,Sunny,18.67096774193548,11.383870967741935,9.831034482758621,,4.199999999999999,,,,,,,,,,,,,4.674193548387097,
BOLTON,53.6,-2.419,Drizzle,Mild,Sunny,18.30666666666667,9.576666666666666,7.8566666666666665,,4.556666666666667,,,,,,,,,,,,,1.3633333333333333,
BOLTON,53.6,-2.419,Drizzle,Mild,Partially Overcast,16.84193548387097,9.303225806451612,7.380645161290323,,2.7903225806451615,,,,,,,,,,,,,2.341935483870968,
BOLTON,53.6,-2.419,Mild Rain,Cool,Partially Overcast,7.8100000000000005,2.106666666666667,-0.11000000000000003,,1.16,,,,,,,,,,,,,3.4200000000000004,
BOLTON,53.6,-2.419,Mild Rain,Cool,Partially Overcast,8.96774193548387,3.6322580645161286,1.961290322580645,,0.47096774193548385,,,,,,,,,,,,,5.461290322580645,
DARWEN,53.69,-2.475,Mild Rain,Cool,Partially Overcast,8.8,3.0161290322580645,2.142857142857143,,0.6548387096774194,,,,,,,,,,,,,6.951612903225806,
DARWEN,53.69,-2.475,Dry,Cool,Partially Overcast,6.328571428571428,1.3678571428571427,-2.1107142857142858,,1.9964285714285714,,,,,,,,,,,,,0.41785714285714287,
DARWEN,53.69,-2.475,Mild Rain,Cool,Partially Overcast,8.348387096774195,2.1870967741935483,-1.2032258064516128,,2.574193548387097,,,,,,,,,,,,,3.161290322580645,
DARWEN,53.69,-2.475,Drizzle,Cool,Sunny,11.22,2.296666666666667,-3.6966666666666668,,5.803333333333333,,,,,,,,,,,,,2.4699999999999998,
DARWEN,53.69,-2.475,Mild Rain,Mild,Sunny,15.003225806451614,5.306451612903226,0.5645161290322581,,5.912903225806452,,,,,,,,,,,,,3.019354838709677,
DARWEN,53.69,-2.475,Dry,Mild,Sunny,18.5,8.33,4.61,,6.86,,,,,,,,,,,,,0.7200000000000001,
DARWEN,53.69,-2.475,Drizzle,Mild,Sunny,22.383870967741935,11.412903225806453,6.767741935483872,,6.696774193548387,,,,,,,,,,,,,1.9903225806451614,
DARWEN,53.69,-2.475,Mild Rain,Mild,Sunny,17.580645161290324,10.293548387096775,6.629032258064516,,4.0612903225806445,,,,,,,,,,,,,6.387096774193548,
DARWEN,53.69,-2.475,Drizzle,Mild,Sunny,17.35,8.96,6.223333333333333,,5.333333333333333,,,,,,,,,,,,,1.98,
DARWEN,53.69,-2.475,Mild Rain,Mild,Sunny,15.37741935483871,8.706451612903226,5.613793103448276,,3.174193548387097,,,,,,,,,,,,,2.767741935483871,
DARWEN,53.69,-2.475,Mild Rain,Cool,Partially Overcast,6.846666666666667,1.2933333333333332,-1.6724137931034482,,2.3233333333333333,,,,,,,,,,,,,3.0,
DARWEN,53.69,-2.475,Mild Rain,Cool,Partially Overcast,8.074193548387097,2.729032258064516,0.7999999999999999,,0.5161290322580645,,,,,,,,,,,,,6.487096774193549,
STONYHURST,53.845,-2.47,Mild Rain,Cool,Partially Overcast,8.98709677419355,4.474193548387096,,,0.732258064516129,,,,,,,,,,,,,6.945161290322581,
STONYHURST,53.845,-2.47,Dry,Cool,Partially Overcast,7.328571428571429,2.414285714285714,,,2.2142857142857144,,,,,,,,,,,,,0.7678571428571429,
STONYHURST,53.845,-2.47,Mild Rain,Cool,Partially Overcast,9.241935483870968,3.6322580645161286,,,2.5354838709677416,,,,,,,,,,,,,4.1,
STONYHURST,53.845,-2.47,Drizzle,Cool,Sunny,11.336666666666668,3.6300000000000003,,,6.326666666666667,,,,,,,,,,,,,1.7433333333333334,
STONYHURST,53.845,-2.47,Mild Rain,Mild,Sunny,15.312903225806451,6.490322580645161,,,6.751612903225807,,,,,,,,,,,,,2.5483870967741935,
STONYHURST,53.845,-2.47,Dry,Mild,Sunny,17.990000000000002,9.693333333333333,,,7.783333333333333,,,,,,,,,,,,,0.56,
STONYHURST,53.845,-2.47,Mild Rain,Mild,Sunny,21.85483870967742,12.435483870967742,,,6.509677419354839,,,,,,,,,,,,,2.796774193548387,
STONYHURST,53.845,-2.47,Mild Rain,Mild,Sunny,18.0,11.548387096774194,,,4.251612903225807,,,,,,,,,,,,,5.52258064516129,
STONYHURST,53.845,-2.47,Mild Rain,Mild,Sunny,17.003333333333334,9.646666666666667,,,3.216666666666667,,,,,,,,,,,,,2.81,
STONYHURST,53.845,-2.47,Mild Rain,Mild,Sunny,15.787096774193548,8.925806451612903,,,5.270967741935484,,,,,,,,,,,,,3.496774193548387,
STONYHURST,53.845,-2.47,Drizzle,Cool,Partially Overcast,7.683333333333334,2.0166666666666666,,,1.9966666666666666,,,,,,,,,,,,,2.493333333333333,
STONYHURST,53.845,-2.47,Mild Rain,Cool,Partially Overcast,9.074193548387097,3.693548387096774,,,0.9870967741935485,,,,,,,,,,,,,6.419354838709677,
RHYL,53.314,-3.501,,Cool,Partially Overcast,10.72258064516129,5.309677419354839,4.720689655172414,,1.3838709677419354,,,,,,,,,,,,,,
RHYL,53.314,-3.501,,Cool,Partially Overcast,8.075,2.7214285714285715,1.2,,2.4035714285714285,,,,,,,,,,,,,,
RHYL,53.314,-3.501,,Cool,Sunny,10.683870967741935,4.877419354838709,3.070967741935484,,3.6129032258064515,,,,,,,,,,,,,,
RHYL,53.314,-3.501,,Cool,Sunny,11.776666666666667,4.8933333333333335,2.493103448275862,,6.706666666666666,,,,,,,,,,,,,,
RHYL,53.314,-3.501,,Cool,Sunny,14.448387096774193,6.377419354838709,5.206451612903226,,7.833333333333333,,,,,,,,,,,,,,
RHYL,53.314,-3.501,,Mild,Sunny,17.586666666666666,9.393333333333334,9.593103448275862,,7.696666666666667,,,,,,,,,,,,,,
RHYL,53.314,-3.501,,Mild,Sunny,21.55483870967742,12.66451612903226,12.345161290322581,,7.116129032258065,,,,,,,,,,,,,,
RHYL,53.314,-3.501,,Mild,Sunny,17.551612903225806,11.596774193548388,11.14516129032258,,4.303225806451613,,,,,,,,,,,,,,
RHYL,53.314,-3.501,,Mild,Sunny,18.076666666666664,9.443333333333333,9.3,,5.8533333333333335,,,,,,,,,,,,,,
RHYL,53.314,-3.501,,Mild,Sunny,17.712903225806453,9.961290322580645,8.567741935483872,,3.6903225806451614,,,,,,,,,,,,,,
RHYL,53.314,-3.501,,Cool,Partially Overcast,8.393333333333334,3.0566666666666666,2.4066666666666667,,1.8566666666666667,,,,,,,,,,,,,,
RHYL,53.314,-3.501,,Cool,Partially Overcast,9.745161290322581,5.106451612903226,4.01,,1.1774193548387097,,,,,,,,,,,,,,
"SWANSEA, VICTORIA PARK",51.612,-3.962,Mild Rain,Cool,Partially Overcast,10.30967741935484,5.906451612903226,2.9000000000000004,,0.7290322580645162,,,,,,,,,,,,,5.377419354838709,
"SWANSEA, VICTORIA PARK",51.612,-3.962,Dry,Cool,Partially Overcast,8.810714285714285,4.0321428571428575,-0.6857142857142858,,2.517857142857143,,,,,,,,,,,,,0.35357142857142854,
"SWANSEA, VICTORIA PARK",51.612,-3.962,Mild Rain,Cool,Sunny,10.629032258064516,5.1,1.6838709677419357,,3.2193548387096773,,,,,,,,,,,,,3.42258064516129,
"SWANSEA, VICTORIA PARK",51.612,-3.962,Dry,Cool,Sunny,14.06,5.576666666666667,2.356666666666667,,7.6899999999999995,,,,,,,,,,,,,0.9566666666666667,
"SWANSEA, VICTORIA PARK",51.612,-3.962,Drizzle,Mild,Sunny,16.470967741935482,8.229032258064516,4.551612903225807,,8.158064516129032,,,,,,,,,,,,,1.4903225806451612,
"SWANSEA, VICTORIA PARK",51.612,-3.962,Dry,Mild,Sunny,21.113333333333333,11.936666666666667,7.319999999999999,,8.666666666666666,,,,,,,,,,,,,0.22999999999999998,
"SWANSEA, VICTORIA PARK",51.612,-3.962,Drizzle,Mild,Sunny,24.11935483870968,14.458064516129031,10.141935483870967,,7.583870967741936,,,,,,,,,,,,,1.8967741935483873,
"SWANSEA, VICTORIA PARK",51.612,-3.962,Mild Rain,Mild,Sunny,19.816129032258065,12.461290322580645,8.709677419354838,,5.032258064516129,,,,,,,,,,,,,4.129032258064516,
"SWANSEA, VICTORIA PARK",51.612,-3.962,Mild Rain,Mild,Sunny,19.566666666666666,11.16,7.35,,5.4366666666666665,,,,,,,,,,,,,2.7366666666666664,
"SWANSEA, VICTORIA PARK",51.612,-3.962,Drizzle,Mild,Sunny,18.219354838709677,10.825806451612904,6.516129032258065,,4.435483870967742,,,,,,,,,,,,,2.1516129032258067,
"SWANSEA, VICTORIA PARK",51.612,-3.962,Mild Rain,Cool,Partially Overcast,11.110000000000001,5.3966666666666665,2.6,,1.9433333333333336,,,,,,,,,,,,,2.9166666666666665,
"SWANSEA, VICTORIA PARK",51.612,-3.962,Mild Rain,Cool,Partially Overcast,10.66451612903226,5.232258064516128,1.8741935483870968,,1.0451612903225806,,,,,,,,,,,,,2.864516129032258,
CARDIFF,51.507,-3.161,Mild Rain,Cool,Partially Overcast,9.874193548387098,5.732258064516129,3.7199999999999998,,0.8516129032258064,,,,,,,,,,,,,4.12258064516129,
CARDIFF,51.507,-3.161,Dry,Cool,Partially Overcast,8.096428571428572,2.482142857142857,-0.9357142857142857,,2.632142857142857,,,,,,,,,,,,,0.15357142857142855,
CARDIFF,51.507,-3.161,Drizzle,Cool,Sunny,10.570967741935483,4.296774193548386,0.08387096774193553,,3.7838709677419353,,,,,,,,,,,,,2.3483870967741933,
CARDIFF,51.507,-3.161,Dry,Cool,Sunny,13.479999999999999,4.2,0.07000000000000002,,7.673333333333333,,,,,,,,,,,,,0.62,
CARDIFF,51.507,-3.161,Drizzle,Mild,Sunny,16.725806451612904,7.112903225806452,2.435483870967742,,8.358064516129033,,,,,,,,,,,,,1.6516129032258062,
CARDIFF,51.507,-3.161,Dry,Mild,Sunny,20.89,10.256666666666666,6.723333333333333,,9.17,,,,,,,,,,,,,0.043333333333333335,
CARDIFF,51.507,-3.161,Dry,Mild,Sunny,24.75483870967742,13.748387096774193,10.563333333333334,,8.435483870967742,,,,,,,,,,,,,0.8096774193548386,
CARDIFF,51.507,-3.161,Mild Rain,Mild,Sunny,19.370967741935484,12.058064516129033,9.803225806451612,,5.474193548387096,,,,,,,,,,,,,2.5548387096774197,
CARDIFF,51.507,-3.161,Mild Rain,Mild,Sunny,19.31,9.986666666666668,6.8100000000000005,,5.63,,,,,,,,,,,,,2.9099999999999997,
CARDIFF,51.507,-3.161,Drizzle,Mild,Sunny,17.93548387096774,9.403225806451612,6.419354838709677,,4.983870967741935,,,,,,,,,,,,,1.6193548387096772,
CARDIFF,51.507,-3.161,Drizzle,Cool,Partially Overcast,9.003333333333334,3.0900000000000003,2.2333333333333334,,1.68,,,,,,,,,,,,,2.2266666666666666,
CARDIFF,51.507,-3.161,Mild Rain,Cool,Partially Overcast,9.412903225806453,4.083870967741936,1.9379310344827585,,1.3290322580645162,,,,,,,,,,,,,2.5161290322580645,
BATH,51.386,-2.355,Mild Rain,Cool,Partially Overcast,10.761290322580644,5.916129032258064,,,0.7903225806451613,,,,,,,,,,,,,2.5064516129032257,
BATH,51.386,-2.355,Dry,Cool,Partially Overcast,8.753571428571428,1.8357142857142856,,,2.757142857142857,,,,,,,,,,,,,0.3535714285714286,
BATH,51.386,-2.355,Drizzle,Cool,Sunny,11.438709677419354,4.029032258064516,,,4.374193548387097,,,,,,,,,,,,,1.7096774193548387,
BATH,51.386,-2.355,Dry,Cool,Sunny,14.043333333333333,3.9866666666666664,,,6.739999999999999,,,,,,,,,,,,,0.0,
BATH,51.386,-2.355,,Mild,Sunny,17.712903225806453,6.97741935483871,,,6.622580645161291,,,,,,,,,,,,,,
BATH,51.386,-2.355,,Mild,Sunny,21.42,9.813333333333333,,,7.08,,,,,,,,,,,,,,
BATH,51.386,-2.355,,Hot,Sunny,25.706451612903226,13.438709677419356,,,7.141935483870968,,,,,,,,,,,,,,
BATH,51.386,-2.355,,Mild,Sunny,20.793548387096774,11.899999999999999,,,4.370967741935484,,,,,,,,,,,,,,
BATH,51.386,-2.355,,Mild,Sunny,20.52,9.503333333333334,,,5.7266666666666675,,,,,,,,,,,,,,
BATH,51.386,-2.355,,Mild,Sunny,19.203225806451613,8.438709677419356,,,4.703225806451614,,,,,,,,,,,,,,
BATH,51.386,-2.355,,Cool,Partially Overcast,9.203333333333335,3.3666666666666667,,,1.65,,,,,,,,,,,,,,
BATH,51.386,-2.355,,Cool,Partially Overcast,9.251612903225807,4.348387096774194,,,1.0741935483870966,,,,,,,,,,,,,,
TEIGNMOUTH,50.545,-3.495,Mild Rain,Cool,Partially Overcast,11.922580645161291,6.77741935483871,,,2.139130434782609,,,,,,,,,,,,,2.6258064516129034,
TEIGNMOUTH,50.545,-3.495,Dry,Cool,Sunny,9.014285714285714,3.7535714285714286,,,4.470588235294118,,,,,,,,,,,,,0.20357142857142854,
TEIGNMOUTH,50.545,-3.495,Drizzle,Cool,Sunny,11.883870967741935,4.570967741935483,,,3.4250000000000003,,,,,,,,,,,,,1.4161290322580644,
TEIGNMOUTH,50.545,-3.495,Dry,Cool,Sunny,13.633333333333333,5.38,,,6.203333333333333,,,,,,,,,,,,,0.5266666666666667,
TEIGNMOUTH,50.545,-3.495,Drizzle,Mild,Sunny,16.635483870967743,8.874193548387098,,,7.466666666666667,,,,,,,,,,,,,1.5870967741935482,
TEIGNMOUTH,50.545,-3.495,Dry,Mild,Sunny,20.083333333333332,11.516666666666667,,,8.935714285714285,,,,,,,,,,,,,0.19333333333333333,
TEIGNMOUTH,50.545,-3.495,Dry,Mild,Sunny,22.851612903225806,14.858064516129033,,,7.513333333333334,,,,,,,,,,,,,0.4612903225806452,
TEIGNMOUTH,50.545,-3.495,Drizzle,Mild,Sunny,20.612903225806452,12.738709677419354,,,4.427586206896552,,,,,,,,,,,,,1.7451612903225806,
TEIGNMOUTH,50.545,-3.495,Dry,Mild,Sunny,19.626666666666665,12.113333333333335,,,5.474074074074075,,,,,,,,,,,,,0.9,
TEIGNMOUTH,50.545,-3.495,Drizzle,Mild,Sunny,17.774193548387096,10.64516129032258,,,5.34074074074074,,,,,,,,,,,,,1.4774193548387096,
TEIGNMOUTH,50.545,-3.495,Mild Rain,Cool,Partially Overcast,11.683333333333334,7.6466666666666665,,,2.621052631578947,,,,,,,,,,,,,2.51,
TEIGNMOUTH,50.545,-3.495,Drizzle,Cool,Partially Overcast,11.348387096774195,6.290322580645161,,,2.3208333333333333,,,,,,,,,,,,,1.467741935483871,
"PENZANCE, PENLEE GARDENS",50.118,-5.543,Mild Rain,Cool,Partially Overcast,11.206451612903225,7.687096774193549,,,2.005,,,,,,,,,,,,,4.064516129032258,
"PENZANCE, PENLEE GARDENS",50.118,-5.543,Dry,Cool,Sunny,9.771428571428572,5.317857142857143,,,3.621052631578947,,,,,,,,,,,,,0.48928571428571427,
"PENZANCE, PENLEE GARDENS",50.118,-5.543,Mild Rain,Cool,Sunny,11.451612903225806,6.02258064516129,,,4.607407407407408,,,,,,,,,,,,,3.1193548387096777,
"PENZANCE, PENLEE GARDENS",50.118,-5.543,Dry,Cool,Sunny,13.093333333333334,6.22,,,8.23,,,,,,,,,,,,,0.7533333333333333,
"PENZANCE, PENLEE GARDENS",50.118,-5.543,Drizzle,Mild,Sunny,15.816129032258065,8.964516129032257,,,7.825806451612903,,,,,,,,,,,,,1.8580645161290323,
"PENZANCE, PENLEE GARDENS",50.118,-5.543,Dry,Mild,Sunny,19.740000000000002,12.58,,,9.526666666666667,,,,,,,,,,,,,0.16666666666666666,
"PENZANCE, PENLEE GARDENS",50.118,-5.543,Drizzle,Mild,Sunny,22.55806451612903,15.103225806451613,,,8.54,,,,,,,,,,,,,1.1193548387096774,
"PENZANCE, PENLEE GARDENS",50.118,-5.543,Mild Rain,Mild,Sunny,19.129032258064516,13.22258064516129,,,5.841379310344828,,,,,,,,,,,,,3.735483870967742,
"PENZANCE, PENLEE GARDENS",50.118,-5.543,Dry,Mild,Sunny,19.06,12.676666666666668,,,6.637037037037037,,,,,,,,,,,,,0.6533333333333332,
"PENZANCE, PENLEE GARDENS",50.118,-5.543,Drizzle,Mild,Sunny,17.509677419354837,11.76774193548387,,,4.517857142857143,,,,,,,,,,,,,1.1387096774193548,
"PENZANCE, PENLEE GARDENS",50.118,-5.543,Mild Rain,Cool,Sunny,12.393333333333334,8.606666666666666,,,3.411764705882353,,,,,,,,,,,,,4.21,
"PENZANCE, PENLEE GARDENS",50.118,-5.543,Mild Rain,Cool,Partially Overcast,11.303225806451612,7.796774193548386,,,1.8095238095238095,,,,,,,,,,,,,2.7161290322580647,
FALMOUTH,50.152,-5.078,Heavy Rain,Cool,,12.8,,,,,,,,,,,,,,,,,11.7,
NEWQUAY,50.412,-5.081,Mild Rain,Cool,Partially Overcast,10.667741935483871,7.445161290322581,,,1.5571428571428574,,,,,,,,,,,,,2.8548387096774195,
NEWQUAY,50.412,-5.081,Dry,Cool,Sunny,8.722222222222221,3.774074074074074,,,4.485,,,,,,,,,,,,,0.5821428571428572,
NEWQUAY,50.412,-5.081,Drizzle,Cool,Sunny,10.651612903225805,5.051612903225807,,,4.314814814814815,,,,,,,,,,,,,2.109677419354839,
NEWQUAY,50.412,-5.081,Dry,Cool,Sunny,11.69,5.443333333333333,,,8.313333333333334,,,,,,,,,,,,,0.55,
NEWQUAY,50.412,-5.081,Drizzle,Cool,Sunny,13.906451612903227,8.051612903225806,,,8.672413793103448,,,,,,,,,,,,,1.5870967741935484,
NEWQUAY,50.412,-5.081,Dry,Mild,Sunny,17.71333333333333,11.78,,,9.758620689655173,,,,,,,,,,,,,0.05333333333333333,
NEWQUAY,50.412,-5.081,Drizzle,Mild,Sunny,21.661290322580644,14.119354838709677,,,9.113333333333333,,,,,,,,,,,,,1.0161290322580645,
NEWQUAY,50.412,-5.081,Mild Rain,Mild,Sunny,18.148387096774194,13.529032258064515,,,5.681481481481482,,,,,,,,,,,,,3.138709677419355,
NEWQUAY,50.412,-5.081,Dry,Mild,Sunny,18.383333333333333,11.886666666666667,,,7.033333333333334,,,,,,,,,,,,,0.8133333333333334,
NEWQUAY,50.412,-5.081,Drizzle,Mild,Sunny,17.34193548387097,11.19032258064516,,,5.440740740740741,,,,,,,,,,,,,1.0451612903225806,
NEWQUAY,50.412,-5.081,Drizzle,Cool,Partially Overcast,11.466666666666667,7.426666666666667,,,2.91,,,,,,,,,,,,,2.49,
NEWQUAY,50.412,-5.081,Drizzle,Cool,Partially Overcast,10.412903225806453,7.141935483870968,,,1.8105263157894735,,,,,,,,,,,,,2.1838709677419357,
BUDE,50.829,-4.546,Mild Rain,Cool,Partially Overcast,10.90967741935484,7.670967741935484,6.661290322580645,,1.164516129032258,,,,,,,,,,,,,3.5161290322580645,
BUDE,50.829,-4.546,Dry,Cool,Sunny,9.364285714285714,2.8392857142857144,1.5714285714285714,,3.710714285714286,,,,,,,,,,,,,0.5035714285714286,
BUDE,50.829,-4.546,Mild Rain,Cool,Sunny,10.941935483870967,5.17741935483871,3.825806451612903,,3.574193548387097,,,,,,,,,,,,,2.796774193548387,
BUDE,50.829,-4.546,Dry,Cool,Sunny,12.923333333333334,4.29,2.603333333333333,,7.503333333333333,,,,,,,,,,,,,0.81,
BUDE,50.829,-4.546,Drizzle,Mild,Sunny,15.519354838709678,7.103225806451612,5.67741935483871,,8.506451612903225,,,,,,,,,,,,,1.2419354838709677,
BUDE,50.829,-4.546,Dry,Mild,Sunny,19.823333333333334,10.28,8.423333333333334,,9.016666666666667,,,,,,,,,,,,,0.03666666666666667,
BUDE,50.829,-4.546,Drizzle,Mild,Sunny,22.567741935483873,13.435483870967742,12.035483870967743,,8.341935483870968,,,,,,,,,,,,,1.3225806451612903,
BUDE,50.829,-4.546,Mild Rain,Mild,Sunny,18.83225806451613,12.841935483870968,11.05185185185185,,5.04516129032258,,,,,,,,,,,,,3.3225806451612905,
BUDE,50.829,-4.546,Drizzle,Mild,Sunny,19.39333333333333,10.763333333333332,,,5.39,,,,,,,,,,,,,2.0033333333333334,
BUDE,50.829,-4.546,Drizzle,Mild,Sunny,18.16774193548387,9.390322580645162,7.756,,4.854838709677419,,,,,,,,,,,,,1.232258064516129,
BUDE,50.829,-4.546,Mild Rain,Cool,Partially Overcast,11.653333333333334,5.626666666666667,4.293333333333334,,2.2633333333333336,,,,,,,,,,,,,2.5566666666666666,
BUDE,50.829,-4.546,Mild Rain,Cool,Partially Overcast,10.629032258064516,6.699999999999999,5.82258064516129,,1.3451612903225807,,,,,,,,,,,,,2.7838709677419353,
"COVENTRY, CITY HOSPITAL",52.414,-1.506,Drizzle,Cool,Partially Overcast,10.05483870967742,4.554838709677419,1.5354838709677419,,0.6000000000000001,,,,,,,,,,,,,1.8129032258064517,
"COVENTRY, CITY HOSPITAL",52.414,-1.506,Dry,Cool,Partially Overcast,7.792857142857143,1.5535714285714286,-1.4821428571428572,,2.0107142857142857,,,,,,,,,,,,,0.2928571428571428,
"COVENTRY, CITY HOSPITAL",52.414,-1.506,Dry,Cool,Sunny,11.154838709677419,3.764516129032258,0.03548387096774192,,3.1580645161290324,,,,,,,,,,,,,0.967741935483871,
"COVENTRY, CITY HOSPITAL",52.414,-1.506,Drizzle,Cool,Sunny,13.586666666666668,3.3766666666666665,-0.09333333333333332,,6.1066666666666665,,,,,,,,,,,,,1.48,
"COVENTRY, CITY HOSPITAL",52.414,-1.506,Drizzle,Mild,Sunny,17.51290322580645,6.52258064516129,3.396774193548387,,7.061290322580645,,,,,,,,,,,,,1.270967741935484,
"COVENTRY, CITY HOSPITAL",52.414,-1.506,Dry,Mild,Sunny,20.69,9.413333333333332,6.59,,7.1033333333333335,,,,,,,,,,,,,0.3466666666666667,
"COVENTRY, CITY HOSPITAL",52.414,-1.506,Dry,Hot,Sunny,25.81935483870968,12.899999999999999,9.693548387096774,,7.687096774193549,,,,,,,,,,,,,0.2967741935483871,
"COVENTRY, CITY HOSPITAL",52.414,-1.506,Mild Rain,Mild,Sunny,20.23548387096774,11.829032258064515,9.422580645161291,,4.812903225806451,,,,,,,,,,,,,2.6838709677419357,
"COVENTRY, CITY HOSPITAL",52.414,-1.506,Dry,Mild,Sunny,20.12962962962963,9.44,6.1899999999999995,,5.083333333333333,,,,,,,,,,,,,0.82,
"COVENTRY, CITY HOSPITAL",52.414,-1.506,Drizzle,Mild,Sunny,17.532258064516128,8.332258064516129,4.490322580645162,,4.070967741935484,,,,,,,,,,,,,1.4548387096774194,
"COVENTRY, CITY HOSPITAL",52.414,-1.506,Drizzle,Cool,Partially Overcast,7.430000000000001,1.96,-0.8966666666666667,,1.57,,,,,,,,,,,,,1.5466666666666666,
"COVENTRY, CITY HOSPITAL",52.414,-1.506,Drizzle,Cool,Partially Overcast,9.180645161290323,3.012903225806452,-0.2,,1.0387096774193547,,,,,,,,,,,,,1.441935483870968,
"ROSS-ON-WYE, CRAIG",51.917,-2.584,Drizzle,Cool,Partially Overcast,10.041379310344826,5.993103448275862,,,1.103225806451613,,,,,,,,,,,,,2.196774193548387,
"ROSS-ON-WYE, CRAIG",51.917,-2.584,Dry,Cool,Partially Overcast,8.178571428571429,1.6107142857142858,,,2.2214285714285715,,,,,,,,,,,,,0.4642857142857143,
"ROSS-ON-WYE, CRAIG",51.917,-2.584,Drizzle,Cool,Sunny,11.432258064516128,4.135483870967741,,,3.893548387096774,,,,,,,,,,,,,1.0935483870967742,
"ROSS-ON-WYE, CRAIG",51.917,-2.584,Dry,Cool,Sunny,13.95,2.893333333333333,,,6.743333333333334,,,,,,,,,,,,,0.5333333333333333,
"ROSS-ON-WYE, CRAIG",51.917,-2.584,Dry,Mild,Sunny,17.851612903225806,5.770967741935484,,,7.609677419354839,,,,,,,,,,,,,0.9419354838709677,
"ROSS-ON-WYE, CRAIG",51.917,-2.584,Dry,Mild,Sunny,22.396666666666665,8.906666666666666,,,8.44,,,,,,,,,,,,,0.3533333333333334,
"ROSS-ON-WYE, CRAIG",51.917,-2.584,Dry,Hot,Sunny,26.129032258064516,12.48709677419355,,,8.270967741935483,,,,,,,,,,,,,0.4064516129032258,
"ROSS-ON-WYE, CRAIG",51.917,-2.584,Drizzle,Mild,Sunny,20.229032258064517,11.687096774193549,,,4.706451612903226,,,,,,,,,,,,,1.9193548387096775,
"ROSS-ON-WYE, CRAIG",51.917,-2.584,Drizzle,Mild,Sunny,19.776666666666664,8.713333333333333,,,5.136666666666667,,,,,,,,,,,,,1.3733333333333335,
"ROSS-ON-WYE, CRAIG",51.917,-2.584,Drizzle,Mild,Sunny,18.274193548387096,7.9,,,4.812903225806451,,,,,,,,,,,,,1.0838709677419356,
"ROSS-ON-WYE, CRAIG",51.917,-2.584,Drizzle,Cool,Partially Overcast,8.464285714285714,2.5357142857142856,,,1.88,,,,,,,,,,,,,1.5333333333333334,
"ROSS-ON-WYE, CRAIG",51.917,-2.584,Drizzle,Cool,Partially Overcast,9.237931034482758,4.455172413793103,,,1.6516129032258065,,,,,,,,,,,,,1.6677419354838707,
"ABERYSTWYTH, CORPORATION YARD",52.412,-4.083,,Cool,Partially Overcast,9.741935483870968,6.183870967741935,,,1.8636363636363635,,,,,,,,,,,,,,
"ABERYSTWYTH, CORPORATION YARD",52.412,-4.083,,Cool,Sunny,8.414285714285715,3.35,,,3.5,,,,,,,,,,,,,,
"ABERYSTWYTH, CORPORATION YARD",52.412,-4.083,,Cool,Sunny,9.358064516129033,5.503225806451613,,,4.504545454545454,,,,,,,,,,,,,,
"ABERYSTWYTH, CORPORATION YARD",52.412,-4.083,,Cool,Sunny,11.783333333333333,5.1,,,6.573333333333333,,,,,,,,,,,,,,
"ABERYSTWYTH, CORPORATION YARD",52.412,-4.083,,Cool,Sunny,13.73225806451613,7.629032258064516,,,8.683870967741935,,,,,,,,,,,,,,
"ABERYSTWYTH, CORPORATION YARD",52.412,-4.083,,Mild,Sunny,17.833333333333332,10.65,,,8.086666666666666,,,,,,,,,,,,,,
"ABERYSTWYTH, CORPORATION YARD",52.412,-4.083,,Mild,Sunny,21.138709677419353,13.929032258064517,,,8.037931034482758,,,,,,,,,,,,,,
"ABERYSTWYTH, CORPORATION YARD",52.412,-4.083,,Mild,Sunny,17.967741935483872,13.23225806451613,,,5.182142857142857,,,,,,,,,,,,,,
"ABERYSTWYTH, CORPORATION YARD",52.412,-4.083,,Mild,Sunny,17.946666666666665,11.303333333333335,,,6.853571428571429,,,,,,,,,,,,,,
"ABERYSTWYTH, CORPORATION YARD",52.412,-4.083,,Mild,Sunny,17.51290322580645,10.890322580645162,,,4.0,,,,,,,,,,,,,,
"ABERYSTWYTH, CORPORATION YARD",52.412,-4.083,,Cool,Partially Overcast,9.846666666666666,4.87,,,2.3699999999999997,,,,,,,,,,,,,,
"ABERYSTWYTH, CORPORATION YARD",52.412,-4.083,,Cool,Partially Overcast,9.387096774193548,5.709677419354839,,,1.196774193548387,,,,,,,,,,,,,,
"COLWYN BAY, COUNCIL OFFICES",53.295,-3.73,Mild Rain,Cool,Partially Overcast,10.187096774193549,6.061290322580645,,,1.9545454545454546,,,,,,,,,,,,,2.5999999999999996,
"COLWYN BAY, COUNCIL OFFICES",53.295,-3.73,Drizzle,Cool,Sunny,8.307142857142857,3.082142857142857,,,3.4521739130434783,,,,,,,,,,,,,1.3714285714285714,
"COLWYN BAY, COUNCIL OFFICES",53.295,-3.73,Drizzle,Cool,Sunny,10.503225806451614,5.054838709677419,,,3.853333333333333,,,,,,,,,,,,,2.0451612903225804,
"COLWYN BAY, COUNCIL OFFICES",53.295,-3.73,Drizzle,Cool,Sunny,11.713333333333333,4.223333333333334,,,7.460714285714286,,,,,,,,,,,,,1.0533333333333332,
"COLWYN BAY, COUNCIL OFFICES",53.295,-3.73,Mild Rain,Cool,Sunny,14.303225806451612,7.34516129032258,,,8.559259259259258,,,,,,,,,,,,,2.6774193548387095,
"COLWYN BAY, COUNCIL OFFICES",53.295,-3.73,Dry,Mild,Sunny,17.366666666666667,10.173333333333334,,,9.237037037037037,,,,,,,,,,,,,0.13333333333333333,
"COLWYN BAY, COUNCIL OFFICES",53.295,-3.73,Dry,Mild,Sunny,21.325806451612905,13.712903225806452,,,8.3,,,,,,,,,,,,,0.6483870967741936,
"COLWYN BAY, COUNCIL OFFICES",53.295,-3.73,Mild Rain,Mild,Sunny,17.42258064516129,11.893548387096773,,,3.9466666666666668,,,,,,,,,,,,,2.670967741935484,
"COLWYN BAY, COUNCIL OFFICES",53.295,-3.73,Drizzle,Mild,Sunny,17.8,10.186666666666667,,,6.2749999999999995,,,,,,,,,,,,,1.1700000000000002,
"COLWYN BAY, COUNCIL OFFICES",53.295,-3.73,Drizzle,Mild,Sunny,17.03548387096774,10.87741935483871,,,3.920689655172414,,,,,,,,,,,,,2.0064516129032257,
"COLWYN BAY, COUNCIL OFFICES",53.295,-3.73,Drizzle,Cool,Sunny,8.846666666666666,4.069999999999999,,,3.2,,,,,,,,,,,,,2.123333333333333,
"COLWYN BAY, COUNCIL OFFICES",53.295,-3.73,Mild Rain,Cool,Partially Overcast,9.748387096774193,6.196774193548387,,,1.5958333333333332,,,,,,,,,,,,,2.851612903225807,
"TENBY, PRIORY",51.671,-4.698,Mild Rain,Cool,Partially Overcast,10.363333333333333,6.306451612903226,3.7483870967741937,,1.0129032258064516,,,,,,,,,,,,,4.243333333333333,
"TENBY, PRIORY",51.671,-4.698,Dry,Cool,Partially Overcast,8.946428571428571,4.232142857142857,1.3107142857142857,,2.9714285714285715,,,,,,,,,,,,,0.2357142857142857,
"TENBY, PRIORY",51.671,-4.698,Mild Rain,Cool,Partially Overcast,10.26774193548387,4.983870967741935,1.8,,2.9161290322580644,,,,,,,,,,,,,3.138709677419355,
"TENBY, PRIORY",51.671,-4.698,Dry,Cool,Sunny,13.223333333333333,4.923333333333333,0.29333333333333333,,8.16,,,,,,,,,,,,,0.8766666666666666,
"TENBY, PRIORY",51.671,-4.698,Dry,Mild,Sunny,15.845161290322581,7.112903225806452,3.9451612903225803,,8.296774193548387,,,,,,,,,,,,,0.0,
"TENBY, PRIORY",51.671,-4.698,,Mild,Sunny,20.39,10.423333333333334,7.289285714285714,,9.120000000000001,,,,,,,,,,,,,,
"TENBY, PRIORY",51.671,-4.698,,Mild,Sunny,23.206451612903226,13.33548387096774,11.448387096774193,,7.812903225806451,,,,,,,,,,,,,,
"TENBY, PRIORY",51.671,-4.698,,Mild,Sunny,18.816129032258065,11.629032258064516,10.383333333333333,,5.199999999999999,,,,,,,,,,,,,,
"TENBY, PRIORY",51.671,-4.698,,Mild,Sunny,18.826666666666664,10.65,9.346666666666666,,5.886666666666667,,,,,,,,,,,,,,
"TENBY, PRIORY",51.671,-4.698,,Mild,Sunny,17.174193548387095,10.52258064516129,7.206451612903226,,3.670967741935484,,,,,,,,,,,,,,
"TENBY, PRIORY",51.671,-4.698,,Cool,Partially Overcast,11.183333333333334,5.256666666666666,3.674074074074074,,2.4214285714285713,,,,,,,,,,,,,,
"TENBY, PRIORY",51.671,-4.698,,Cool,Partially Overcast,9.148387096774194,4.835483870967742,1.525806451612903,,1.4806451612903226,,,,,,,,,,,,,,
"TORQUAY, CARY GREEN",50.461,-3.526,,Cool,Partially Overcast,11.26774193548387,7.251612903225807,5.406451612903226,,1.9590909090909092,,,,,,,,,,,,,,
"TORQUAY, CARY GREEN",50.461,-3.526,,Cool,Sunny,9.328571428571427,4.371428571428572,1.9000000000000001,,4.7555555555555555,,,,,,,,,,,,,,
"TORQUAY, CARY GREEN",50.461,-3.526,,Cool,Sunny,11.812903225806451,5.090322580645162,2.5580645161290323,,5.084615384615384,,,,,,,,,,,,,,
"TORQUAY, CARY GREEN",50.461,-3.526,,Cool,Sunny,13.833333333333334,5.626666666666667,2.8399999999999994,,8.84,,,,,,,,,,,,,,
"TORQUAY, CARY GREEN",50.461,-3.526,,Mild,Sunny,16.34516129032258,9.03225806451613,6.648387096774194,,8.173333333333334,,,,,,,,,,,,,,
"TORQUAY, CARY GREEN",50.461,-3.526,,Mild,Sunny,20.376666666666665,11.93,9.943333333333333,,10.853571428571428,,,,,,,,,,,,,,
"TORQUAY, CARY GREEN",50.461,-3.526,,Mild,Sunny,22.635483870967743,15.338709677419354,13.812903225806451,,9.643333333333334,,,,,,,,,,,,,,
"TORQUAY, CARY GREEN",50.461,-3.526,,Mild,Sunny,19.58709677419355,12.85483870967742,10.245161290322581,,6.567857142857143,,,,,,,,,,,,,,
"TORQUAY, CARY GREEN",50.461,-3.526,,Mild,Sunny,19.206666666666667,12.526666666666667,10.65,,6.614814814814815,,,,,,,,,,,,,,
"TORQUAY, CARY GREEN",50.461,-3.526,,Mild,Sunny,18.003225806451614,10.929032258064517,9.641935483870967,,5.686206896551725,,,,,,,,,,,,,,
"TORQUAY, CARY GREEN",50.461,-3.526,,Cool,Partially Overcast,11.693333333333333,7.753333333333333,6.83,,1.8466666666666667,,,,,,,,,,,,,,
"TORQUAY, CARY GREEN",50.461,-3.526,,Cool,Partially Overcast,10.899999999999999,6.574193548387097,4.674193548387097,,1.8903225806451613,,,,,,,,,,,,,,
